PPA Execution Date,Capacity (MW),Term (years),CAISO,West (non-ISO),MISO,SPP,ERCOT,PJM,NYISO,ISO-NE,Southeast (non-ISO),Hawaii
9/1/06,7.0,20,#N/A,280.70,#N/A,#N/A,#N/A,#N/A,#N/A,#N/A,#N/A,#N/A
6/25/07,5.0,20,253.19,#N/A,#N/A,#N/A,#N/A,#N/A,#N/A,#N/A,#N/A,#N/A
7/1/08,550.0,25,170.77,#N/A,#N/A,#N/A,#N/A,#N/A,#N/A,#N/A,#N/A,#N/A
7/23/08,210.0,25,148.73,#N/A,#N/A,#N/A,#N/A,#N/A,#N/A,#N/A,#N/A,#N/A
12/19/08,10.0,20,196.15,#N/A,#N/A,#N/A,#N/A,#N/A,#N/A,#N/A,#N/A,#N/A
2/23/09,30.0,25,#N/A,152.15,#N/A,#N/A,#N/A,#N/A,#N/A,#N/A,#N/A,#N/A
3/1/09,30.0,25,#N/A,#N/A,#N/A,#N/A,180.65,#N/A,#N/A,#N/A,#N/A,#N/A
3/5/09,19.0,20,#N/A,171.94,#N/A,#N/A,#N/A,#N/A,#N/A,#N/A,#N/A,#N/A
5/1/09,12.6,30,#N/A,#N/A,#N/A,#N/A,#N/A,#N/A,#N/A,#N/A,236.08,#N/A
5/8/09,230.0,25,165.87,#N/A,#N/A,#N/A,#N/A,#N/A,#N/A,#N/A,#N/A,#N/A
6/1/09,20.0,25,#N/A,147.20,#N/A,#N/A,#N/A,#N/A,#N/A,#N/A,#N/A,#N/A
6/1/09,14.0,30,#N/A,#N/A,#N/A,#N/A,227.20,#N/A,#N/A,#N/A,#N/A,#N/A
6/1/09,10.1,20,#N/A,#N/A,#N/A,#N/A,#N/A,259.67,#N/A,#N/A,#N/A,#N/A
6/22/09,48.0,20,194.36,#N/A,#N/A,#N/A,#N/A,#N/A,#N/A,#N/A,#N/A,#N/A
8/17/09,250.0,20,164.41,#N/A,#N/A,#N/A,#N/A,#N/A,#N/A,#N/A,#N/A,#N/A
9/8/09,250.0,25,233.85,#N/A,#N/A,#N/A,#N/A,#N/A,#N/A,#N/A,#N/A,#N/A
11/20/09,21.0,20,136.59,#N/A,#N/A,#N/A,#N/A,#N/A,#N/A,#N/A,#N/A,#N/A
12/23/09,50.0,20,#N/A,#N/A,#N/A,150.83,#N/A,#N/A,#N/A,#N/A,#N/A,#N/A
12/24/09,6.0,20,288.62,#N/A,#N/A,#N/A,#N/A,#N/A,#N/A,#N/A,#N/A,#N/A
12/24/09,19.0,20,288.62,#N/A,#N/A,#N/A,#N/A,#N/A,#N/A,#N/A,#N/A,#N/A
12/24/09,20.0,20,288.62,#N/A,#N/A,#N/A,#N/A,#N/A,#N/A,#N/A,#N/A,#N/A
1/26/10,50.0,24,186.76,#N/A,#N/A,#N/A,#N/A,#N/A,#N/A,#N/A,#N/A,#N/A
1/26/10,20.0,24,186.76,#N/A,#N/A,#N/A,#N/A,#N/A,#N/A,#N/A,#N/A,#N/A
1/26/10,20.0,25,190.61,#N/A,#N/A,#N/A,#N/A,#N/A,#N/A,#N/A,#N/A,#N/A
2/2/10,50.0,25,#N/A,156.98,#N/A,#N/A,#N/A,#N/A,#N/A,#N/A,#N/A,#N/A
2/24/10,300.0,25,160.95,#N/A,#N/A,#N/A,#N/A,#N/A,#N/A,#N/A,#N/A,#N/A
3/6/10,40.0,25,153.71,#N/A,#N/A,#N/A,#N/A,#N/A,#N/A,#N/A,#N/A,#N/A
4/19/10,29.0,20,#N/A,119.74,#N/A,#N/A,#N/A,#N/A,#N/A,#N/A,#N/A,#N/A
4/21/10,66.0,20,160.42,#N/A,#N/A,#N/A,#N/A,#N/A,#N/A,#N/A,#N/A,#N/A
4/29/10,25.0,20,#N/A,150.31,#N/A,#N/A,#N/A,#N/A,#N/A,#N/A,#N/A,#N/A
5/10/10,125.0,20,151.64,#N/A,#N/A,#N/A,#N/A,#N/A,#N/A,#N/A,#N/A,#N/A
5/20/10,25.8,25,181.38,#N/A,#N/A,#N/A,#N/A,#N/A,#N/A,#N/A,#N/A,#N/A
6/1/10,32.0,20,#N/A,#N/A,#N/A,#N/A,#N/A,#N/A,363.40,#N/A,#N/A,#N/A
6/1/10,20.0,20,#N/A,150.31,#N/A,#N/A,#N/A,#N/A,#N/A,#N/A,#N/A,#N/A
6/24/10,23.0,20,#N/A,147.06,#N/A,#N/A,#N/A,#N/A,#N/A,#N/A,#N/A,#N/A
6/30/10,12.0,25,#N/A,113.96,#N/A,#N/A,#N/A,#N/A,#N/A,#N/A,#N/A,#N/A
6/30/10,10.0,25,#N/A,113.95,#N/A,#N/A,#N/A,#N/A,#N/A,#N/A,#N/A,#N/A
7/26/10,20.0,25,#N/A,151.54,#N/A,#N/A,#N/A,#N/A,#N/A,#N/A,#N/A,#N/A
7/29/10,150.0,20,179.36,#N/A,#N/A,#N/A,#N/A,#N/A,#N/A,#N/A,#N/A,#N/A
7/29/10,45.0,20,146.77,#N/A,#N/A,#N/A,#N/A,#N/A,#N/A,#N/A,#N/A,#N/A
8/10/10,30.0,25,#N/A,151.35,#N/A,#N/A,#N/A,#N/A,#N/A,#N/A,#N/A,#N/A
8/10/10,5.5,20,#N/A,#N/A,#N/A,#N/A,#N/A,#N/A,#N/A,#N/A,220.91,#N/A
8/24/10,23.0,30,#N/A,128.54,#N/A,#N/A,#N/A,#N/A,#N/A,#N/A,#N/A,#N/A
9/20/10,62.5,20,146.50,#N/A,#N/A,#N/A,#N/A,#N/A,#N/A,#N/A,#N/A,#N/A
11/10/10,130.0,25,148.44,#N/A,#N/A,#N/A,#N/A,#N/A,#N/A,#N/A,#N/A,#N/A
11/15/10,14.0,20,91.02,#N/A,#N/A,#N/A,#N/A,#N/A,#N/A,#N/A,#N/A,#N/A
11/15/10,20.0,20,88.18,#N/A,#N/A,#N/A,#N/A,#N/A,#N/A,#N/A,#N/A,#N/A
12/1/10,9.0,20,#N/A,157.40,#N/A,#N/A,#N/A,#N/A,#N/A,#N/A,#N/A,#N/A
12/1/10,7.7,25,#N/A,#N/A,#N/A,#N/A,#N/A,#N/A,#N/A,#N/A,166.76,#N/A
12/21/10,60.0,20,151.01,#N/A,#N/A,#N/A,#N/A,#N/A,#N/A,#N/A,#N/A,#N/A
12/30/10,309.0,20,128.72,#N/A,#N/A,#N/A,#N/A,#N/A,#N/A,#N/A,#N/A,#N/A
12/30/10,20.0,20,169.06,#N/A,#N/A,#N/A,#N/A,#N/A,#N/A,#N/A,#N/A,#N/A
1/5/11,270.0,20,129.01,#N/A,#N/A,#N/A,#N/A,#N/A,#N/A,#N/A,#N/A,#N/A
1/7/11,110.0,20,145.28,#N/A,#N/A,#N/A,#N/A,#N/A,#N/A,#N/A,#N/A,#N/A
1/25/11,26.0,25,152.56,#N/A,#N/A,#N/A,#N/A,#N/A,#N/A,#N/A,#N/A,#N/A
2/7/11,250.0,20,#N/A,134.81,#N/A,#N/A,#N/A,#N/A,#N/A,#N/A,#N/A,#N/A
2/11/11,30.0,25,#N/A,128.63,#N/A,#N/A,#N/A,#N/A,#N/A,#N/A,#N/A,#N/A
2/11/11,20.0,25,#N/A,132.00,#N/A,#N/A,#N/A,#N/A,#N/A,#N/A,#N/A,#N/A
3/8/11,150.0,26,105.99,#N/A,#N/A,#N/A,#N/A,#N/A,#N/A,#N/A,#N/A,#N/A
6/3/11,110.0,25,134.77,#N/A,#N/A,#N/A,#N/A,#N/A,#N/A,#N/A,#N/A,#N/A
6/3/11,127.0,25,#N/A,125.08,#N/A,#N/A,#N/A,#N/A,#N/A,#N/A,#N/A,#N/A
6/21/11,150.0,25,120.91,#N/A,#N/A,#N/A,#N/A,#N/A,#N/A,#N/A,#N/A,#N/A
7/8/11,24.0,25,140.55,#N/A,#N/A,#N/A,#N/A,#N/A,#N/A,#N/A,#N/A,#N/A
7/14/11,20.0,25,113.17,#N/A,#N/A,#N/A,#N/A,#N/A,#N/A,#N/A,#N/A,#N/A
7/18/11,6.0,20,#N/A,#N/A,#N/A,#N/A,#N/A,#N/A,#N/A,#N/A,#N/A,222.32
7/21/11,150.0,25,133.11,#N/A,#N/A,#N/A,#N/A,#N/A,#N/A,#N/A,#N/A,#N/A
9/29/11,250.0,20,96.31,#N/A,#N/A,#N/A,#N/A,#N/A,#N/A,#N/A,#N/A,#N/A
10/1/11,9.0,20,#N/A,155.93,#N/A,#N/A,#N/A,#N/A,#N/A,#N/A,#N/A,#N/A
12/1/11,20.0,20,#N/A,#N/A,#N/A,#N/A,#N/A,255.67,#N/A,#N/A,#N/A,#N/A
12/8/11,19.0,20,#N/A,122.10,#N/A,#N/A,#N/A,#N/A,#N/A,#N/A,#N/A,#N/A
12/20/11,20.0,30,#N/A,95.03,#N/A,#N/A,#N/A,#N/A,#N/A,#N/A,#N/A,#N/A
12/20/11,30.0,20,#N/A,#N/A,#N/A,#N/A,#N/A,#N/A,#N/A,#N/A,128.71,#N/A
12/20/11,20.0,30,#N/A,93.39,#N/A,#N/A,#N/A,#N/A,#N/A,#N/A,#N/A,#N/A
1/1/12,15.0,30,#N/A,95.80,#N/A,#N/A,#N/A,#N/A,#N/A,#N/A,#N/A,#N/A
1/1/12,15.0,30,#N/A,85.95,#N/A,#N/A,#N/A,#N/A,#N/A,#N/A,#N/A,#N/A
2/3/12,200.0,25,99.16,#N/A,#N/A,#N/A,#N/A,#N/A,#N/A,#N/A,#N/A,#N/A
2/27/12,20.0,20,91.17,#N/A,#N/A,#N/A,#N/A,#N/A,#N/A,#N/A,#N/A,#N/A
7/3/12,20.0,20,103.04,#N/A,#N/A,#N/A,#N/A,#N/A,#N/A,#N/A,#N/A,#N/A
7/3/12,20.0,20,109.39,#N/A,#N/A,#N/A,#N/A,#N/A,#N/A,#N/A,#N/A,#N/A
8/3/12,20.0,3,104.38,#N/A,#N/A,#N/A,#N/A,#N/A,#N/A,#N/A,#N/A,#N/A
8/13/12,20.0,20,106.22,#N/A,#N/A,#N/A,#N/A,#N/A,#N/A,#N/A,#N/A,#N/A
8/16/12,102.0,20,103.85,#N/A,#N/A,#N/A,#N/A,#N/A,#N/A,#N/A,#N/A,#N/A
8/29/12,20.0,20,100.77,#N/A,#N/A,#N/A,#N/A,#N/A,#N/A,#N/A,#N/A,#N/A
8/31/12,250.0,20,#N/A,102.93,#N/A,#N/A,#N/A,#N/A,#N/A,#N/A,#N/A,#N/A
9/17/12,20.0,20,98.00,#N/A,#N/A,#N/A,#N/A,#N/A,#N/A,#N/A,#N/A,#N/A
9/17/12,20.8,20,117.24,#N/A,#N/A,#N/A,#N/A,#N/A,#N/A,#N/A,#N/A,#N/A
10/17/12,10.0,20,101.29,#N/A,#N/A,#N/A,#N/A,#N/A,#N/A,#N/A,#N/A,#N/A
10/25/12,50.0,20,#N/A,62.79,#N/A,#N/A,#N/A,#N/A,#N/A,#N/A,#N/A,#N/A
11/1/12,20.0,25,79.53,#N/A,#N/A,#N/A,#N/A,#N/A,#N/A,#N/A,#N/A,#N/A
11/15/12,20.0,25,91.36,#N/A,#N/A,#N/A,#N/A,#N/A,#N/A,#N/A,#N/A,#N/A
12/12/12,250.0,25,#N/A,88.74,#N/A,#N/A,#N/A,#N/A,#N/A,#N/A,#N/A,#N/A
12/13/12,20.0,20,#N/A,95.57,#N/A,#N/A,#N/A,#N/A,#N/A,#N/A,#N/A,#N/A
2/4/13,28.8,15,#N/A,#N/A,113.42,#N/A,#N/A,#N/A,#N/A,#N/A,#N/A,#N/A
2/28/13,45.0,20,89.86,#N/A,#N/A,#N/A,#N/A,#N/A,#N/A,#N/A,#N/A,#N/A
3/22/13,20.0,20,102.55,#N/A,#N/A,#N/A,#N/A,#N/A,#N/A,#N/A,#N/A,#N/A
3/22/13,20.0,20,100.98,#N/A,#N/A,#N/A,#N/A,#N/A,#N/A,#N/A,#N/A,#N/A
3/25/13,20.0,20,85.04,#N/A,#N/A,#N/A,#N/A,#N/A,#N/A,#N/A,#N/A,#N/A
4/10/13,20.0,20,97.62,#N/A,#N/A,#N/A,#N/A,#N/A,#N/A,#N/A,#N/A,#N/A
4/16/13,20.0,15,71.78,#N/A,#N/A,#N/A,#N/A,#N/A,#N/A,#N/A,#N/A,#N/A
6/1/13,20.0,30,64.23,#N/A,#N/A,#N/A,#N/A,#N/A,#N/A,#N/A,#N/A,#N/A
6/3/13,48.0,25,#N/A,73.15,#N/A,#N/A,#N/A,#N/A,#N/A,#N/A,#N/A,#N/A
6/3/13,40.0,25,#N/A,74.13,#N/A,#N/A,#N/A,#N/A,#N/A,#N/A,#N/A,#N/A
6/19/13,12.0,25,#N/A,#N/A,#N/A,#N/A,#N/A,#N/A,#N/A,#N/A,#N/A,169.98
7/3/13,50.0,25,#N/A,62.73,#N/A,#N/A,#N/A,#N/A,#N/A,#N/A,#N/A,#N/A
7/10/13,40.0,30,64.02,#N/A,#N/A,#N/A,#N/A,#N/A,#N/A,#N/A,#N/A,#N/A
7/10/13,20.0,30,68.67,#N/A,#N/A,#N/A,#N/A,#N/A,#N/A,#N/A,#N/A,#N/A
7/17/13,20.0,10,94.40,#N/A,#N/A,#N/A,#N/A,#N/A,#N/A,#N/A,#N/A,#N/A
7/17/13,12.0,10,94.40,#N/A,#N/A,#N/A,#N/A,#N/A,#N/A,#N/A,#N/A,#N/A
9/6/13,15.0,20,74.03,#N/A,#N/A,#N/A,#N/A,#N/A,#N/A,#N/A,#N/A,#N/A
9/19/13,20.0,20,#N/A,#N/A,#N/A,#N/A,#N/A,#N/A,#N/A,110.69,#N/A,#N/A
9/27/13,20.0,20,70.71,#N/A,#N/A,#N/A,#N/A,#N/A,#N/A,#N/A,#N/A,#N/A
10/9/13,20.0,25,73.40,#N/A,#N/A,#N/A,#N/A,#N/A,#N/A,#N/A,#N/A,#N/A
10/22/13,20.0,20,70.97,#N/A,#N/A,#N/A,#N/A,#N/A,#N/A,#N/A,#N/A,#N/A
12/1/13,7.3,25,90.49,#N/A,#N/A,#N/A,#N/A,#N/A,#N/A,#N/A,#N/A,#N/A
12/6/13,20.0,20,#N/A,#N/A,#N/A,#N/A,#N/A,#N/A,#N/A,#N/A,74.58,#N/A
12/19/13,150.0,15,61.35,#N/A,#N/A,#N/A,#N/A,#N/A,#N/A,#N/A,#N/A,#N/A
1/30/14,7.0,20,76.34,#N/A,#N/A,#N/A,#N/A,#N/A,#N/A,#N/A,#N/A,#N/A
2/20/14,10.4,30,#N/A,53.52,#N/A,#N/A,#N/A,#N/A,#N/A,#N/A,#N/A,#N/A
3/17/14,20.0,25,69.73,#N/A,#N/A,#N/A,#N/A,#N/A,#N/A,#N/A,#N/A,#N/A
3/26/14,25.0,34,64.59,#N/A,#N/A,#N/A,#N/A,#N/A,#N/A,#N/A,#N/A,#N/A
4/1/14,10.3,20,#N/A,#N/A,#N/A,#N/A,#N/A,72.31,#N/A,#N/A,#N/A,#N/A
5/1/14,150.0,20,#N/A,#N/A,#N/A,#N/A,48.17,#N/A,#N/A,#N/A,#N/A,#N/A
5/27/14,30.0,25,#N/A,68.88,#N/A,#N/A,#N/A,#N/A,#N/A,#N/A,#N/A,#N/A
6/1/14,20.0,25,#N/A,#N/A,#N/A,#N/A,#N/A,#N/A,#N/A,#N/A,72.04,#N/A
6/12/14,30.0,20,63.01,#N/A,#N/A,#N/A,#N/A,#N/A,#N/A,#N/A,#N/A,#N/A
7/18/14,93.6,20,61.90,#N/A,#N/A,#N/A,#N/A,#N/A,#N/A,#N/A,#N/A,#N/A
7/23/14,45.0,20,63.23,#N/A,#N/A,#N/A,#N/A,#N/A,#N/A,#N/A,#N/A,#N/A
7/24/14,56.0,25,#N/A,62.51,#N/A,#N/A,#N/A,#N/A,#N/A,#N/A,#N/A,#N/A
7/24/14,56.0,25,#N/A,63.13,#N/A,#N/A,#N/A,#N/A,#N/A,#N/A,#N/A,#N/A
7/31/14,200.0,18,49.83,#N/A,#N/A,#N/A,#N/A,#N/A,#N/A,#N/A,#N/A,#N/A
8/19/14,100.0,25,#N/A,66.00,#N/A,#N/A,#N/A,#N/A,#N/A,#N/A,#N/A,#N/A
8/25/14,60.0,20,#N/A,67.16,#N/A,#N/A,#N/A,#N/A,#N/A,#N/A,#N/A,#N/A
9/3/14,60.0,25,54.93,#N/A,#N/A,#N/A,#N/A,#N/A,#N/A,#N/A,#N/A,#N/A
9/4/14,52.0,20,#N/A,51.39,#N/A,#N/A,#N/A,#N/A,#N/A,#N/A,#N/A,#N/A
9/4/14,120.0,25,#N/A,61.17,#N/A,#N/A,#N/A,#N/A,#N/A,#N/A,#N/A,#N/A
10/3/14,30.0,15,66.10,#N/A,#N/A,#N/A,#N/A,#N/A,#N/A,#N/A,#N/A,#N/A
10/8/14,101.3,30,#N/A,#N/A,#N/A,#N/A,#N/A,#N/A,#N/A,#N/A,58.11,#N/A
10/8/14,51.0,30,#N/A,#N/A,#N/A,#N/A,#N/A,#N/A,#N/A,#N/A,58.95,#N/A
10/8/14,76.5,30,#N/A,#N/A,#N/A,#N/A,#N/A,#N/A,#N/A,#N/A,58.89,#N/A
10/8/14,30.0,30,#N/A,#N/A,#N/A,#N/A,#N/A,#N/A,#N/A,#N/A,63.19,#N/A
10/8/14,80.0,25,#N/A,#N/A,#N/A,#N/A,#N/A,#N/A,#N/A,#N/A,65.92,#N/A
10/8/14,103.0,30,#N/A,#N/A,#N/A,#N/A,#N/A,#N/A,#N/A,#N/A,63.79,#N/A
10/20/14,40.0,20,62.60,#N/A,#N/A,#N/A,#N/A,#N/A,#N/A,#N/A,#N/A,#N/A
10/21/14,11.4,20,67.97,#N/A,#N/A,#N/A,#N/A,#N/A,#N/A,#N/A,#N/A,#N/A
10/21/14,20.0,20,70.86,#N/A,#N/A,#N/A,#N/A,#N/A,#N/A,#N/A,#N/A,#N/A
10/22/14,20.0,20,62.44,#N/A,#N/A,#N/A,#N/A,#N/A,#N/A,#N/A,#N/A,#N/A
10/22/14,20.0,20,62.44,#N/A,#N/A,#N/A,#N/A,#N/A,#N/A,#N/A,#N/A,#N/A
10/22/14,15.0,20,62.44,#N/A,#N/A,#N/A,#N/A,#N/A,#N/A,#N/A,#N/A,#N/A
10/22/14,20.0,20,62.44,#N/A,#N/A,#N/A,#N/A,#N/A,#N/A,#N/A,#N/A,#N/A
10/22/14,20.0,20,54.45,#N/A,#N/A,#N/A,#N/A,#N/A,#N/A,#N/A,#N/A,#N/A
10/22/14,14.7,20,77.22,#N/A,#N/A,#N/A,#N/A,#N/A,#N/A,#N/A,#N/A,#N/A
10/22/14,19.5,20,74.89,#N/A,#N/A,#N/A,#N/A,#N/A,#N/A,#N/A,#N/A,#N/A
10/22/14,19.5,20,74.91,#N/A,#N/A,#N/A,#N/A,#N/A,#N/A,#N/A,#N/A,#N/A
10/24/14,100.0,25,#N/A,#N/A,72.92,#N/A,#N/A,#N/A,#N/A,#N/A,#N/A,#N/A
11/7/14,40.0,25,#N/A,#N/A,#N/A,#N/A,#N/A,#N/A,#N/A,#N/A,77.66,#N/A
11/7/14,50.0,25,#N/A,#N/A,#N/A,#N/A,#N/A,#N/A,#N/A,#N/A,77.66,#N/A
11/13/14,30.0,25,#N/A,67.25,#N/A,#N/A,#N/A,#N/A,#N/A,#N/A,#N/A,#N/A
11/18/14,45.0,21,#N/A,53.99,#N/A,#N/A,#N/A,#N/A,#N/A,#N/A,#N/A,#N/A
12/9/14,130.0,25,67.49,#N/A,#N/A,#N/A,#N/A,#N/A,#N/A,#N/A,#N/A,#N/A
2/1/15,80.0,20,#N/A,#N/A,#N/A,#N/A,#N/A,#N/A,#N/A,#N/A,64.90,#N/A
3/2/15,6.0,25,#N/A,#N/A,#N/A,#N/A,#N/A,#N/A,#N/A,#N/A,110.43,#N/A
3/2/15,25.0,25,#N/A,#N/A,#N/A,45.93,#N/A,#N/A,#N/A,#N/A,#N/A,#N/A
3/3/15,62.3,25,#N/A,#N/A,68.42,#N/A,#N/A,#N/A,#N/A,#N/A,#N/A,#N/A
3/4/15,70.0,25,#N/A,#N/A,#N/A,41.11,#N/A,#N/A,#N/A,#N/A,#N/A,#N/A
3/4/15,70.0,25,#N/A,#N/A,#N/A,41.64,#N/A,#N/A,#N/A,#N/A,#N/A,#N/A
3/5/15,10.5,20,92.00,#N/A,#N/A,#N/A,#N/A,#N/A,#N/A,#N/A,#N/A,#N/A
3/23/15,20.0,20,74.56,#N/A,#N/A,#N/A,#N/A,#N/A,#N/A,#N/A,#N/A,#N/A
3/25/15,30.0,25,#N/A,51.89,#N/A,#N/A,#N/A,#N/A,#N/A,#N/A,#N/A,#N/A
4/3/15,81.0,20,#N/A,#N/A,51.58,#N/A,#N/A,#N/A,#N/A,#N/A,#N/A,#N/A
4/3/15,54.0,25,49.24,#N/A,#N/A,#N/A,#N/A,#N/A,#N/A,#N/A,#N/A,#N/A
4/14/15,6.8,25,68.55,#N/A,#N/A,#N/A,#N/A,#N/A,#N/A,#N/A,#N/A,#N/A
4/17/15,20.0,20,58.20,#N/A,#N/A,#N/A,#N/A,#N/A,#N/A,#N/A,#N/A,#N/A
4/30/15,50.6,20,#N/A,#N/A,#N/A,#N/A,#N/A,#N/A,#N/A,#N/A,48.73,#N/A
4/30/15,52.0,25,#N/A,#N/A,#N/A,#N/A,#N/A,#N/A,#N/A,#N/A,66.22,#N/A
4/30/15,80.0,20,#N/A,#N/A,#N/A,#N/A,#N/A,#N/A,#N/A,#N/A,21.42,#N/A
5/27/15,4.9,15,#N/A,#N/A,#N/A,#N/A,#N/A,#N/A,#N/A,#N/A,74.33,#N/A
6/1/15,3.6,20,#N/A,#N/A,#N/A,82.05,#N/A,#N/A,#N/A,#N/A,#N/A,#N/A
6/5/15,100.0,20,#N/A,46.00,#N/A,#N/A,#N/A,#N/A,#N/A,#N/A,#N/A,#N/A
6/9/15,80.0,15,#N/A,#N/A,#N/A,#N/A,#N/A,75.07,#N/A,#N/A,#N/A,#N/A
6/19/15,100.0,20,#N/A,48.65,#N/A,#N/A,#N/A,#N/A,#N/A,#N/A,#N/A,#N/A
6/23/15,46.0,25,#N/A,53.33,#N/A,#N/A,#N/A,#N/A,#N/A,#N/A,#N/A,#N/A
6/25/15,100.8,20,60.18,#N/A,#N/A,#N/A,#N/A,#N/A,#N/A,#N/A,#N/A,#N/A
6/30/15,7.0,25,#N/A,#N/A,#N/A,#N/A,#N/A,#N/A,#N/A,#N/A,66.32,#N/A
7/1/15,13.0,20,#N/A,#N/A,#N/A,#N/A,#N/A,#N/A,#N/A,#N/A,70.00,#N/A
7/1/15,20.0,25,#N/A,#N/A,72.40,#N/A,#N/A,#N/A,#N/A,#N/A,#N/A,#N/A
7/1/15,27.6,22,#N/A,#N/A,#N/A,#N/A,#N/A,#N/A,#N/A,#N/A,#N/A,142.39
7/15/15,125.0,20,57.19,#N/A,#N/A,#N/A,#N/A,#N/A,#N/A,#N/A,#N/A,#N/A
7/16/15,150.0,25,53.11,#N/A,#N/A,#N/A,#N/A,#N/A,#N/A,#N/A,#N/A,#N/A
7/16/15,180.0,15,53.54,#N/A,#N/A,#N/A,#N/A,#N/A,#N/A,#N/A,#N/A,#N/A
7/21/15,20.0,18,#N/A,#N/A,#N/A,#N/A,#N/A,#N/A,#N/A,#N/A,50.64,#N/A
8/5/15,30.0,25,#N/A,49.24,#N/A,#N/A,#N/A,#N/A,#N/A,#N/A,#N/A,#N/A
8/9/15,30.0,25,#N/A,45.08,#N/A,#N/A,#N/A,#N/A,#N/A,#N/A,#N/A,#N/A
8/12/15,10.0,20,54.99,#N/A,#N/A,#N/A,#N/A,#N/A,#N/A,#N/A,#N/A,#N/A
8/28/15,150.0,27,#N/A,55.21,#N/A,#N/A,#N/A,#N/A,#N/A,#N/A,#N/A,#N/A
9/3/15,10.9,20,#N/A,81.10,#N/A,#N/A,#N/A,#N/A,#N/A,#N/A,#N/A,#N/A
9/23/15,52.0,25,#N/A,#N/A,47.27,#N/A,#N/A,#N/A,#N/A,#N/A,#N/A,#N/A
9/23/15,52.0,30,#N/A,#N/A,#N/A,#N/A,#N/A,#N/A,#N/A,#N/A,50.57,#N/A
9/24/15,25.0,25,#N/A,45.19,#N/A,#N/A,#N/A,#N/A,#N/A,#N/A,#N/A,#N/A
9/28/15,46.2,20,#N/A,21.36,#N/A,#N/A,#N/A,#N/A,#N/A,#N/A,#N/A,#N/A
9/28/15,71.4,20,#N/A,21.36,#N/A,#N/A,#N/A,#N/A,#N/A,#N/A,#N/A,#N/A
10/1/15,118.0,15,#N/A,#N/A,#N/A,#N/A,39.90,#N/A,#N/A,#N/A,#N/A,#N/A
10/1/15,182.0,25,#N/A,#N/A,#N/A,#N/A,36.36,#N/A,#N/A,#N/A,#N/A,#N/A
10/1/15,146.0,25,#N/A,#N/A,#N/A,#N/A,#N/A,#N/A,#N/A,#N/A,63.76,#N/A
10/8/15,50.0,20,53.75,#N/A,#N/A,#N/A,#N/A,#N/A,#N/A,#N/A,#N/A,#N/A
10/9/15,154.3,20,46.39,#N/A,#N/A,#N/A,#N/A,#N/A,#N/A,#N/A,#N/A,#N/A
10/9/15,103.5,20,42.16,#N/A,#N/A,#N/A,#N/A,#N/A,#N/A,#N/A,#N/A,#N/A
10/15/15,125.0,20,47.20,#N/A,#N/A,#N/A,#N/A,#N/A,#N/A,#N/A,#N/A,#N/A
11/5/15,85.0,20,56.49,#N/A,#N/A,#N/A,#N/A,#N/A,#N/A,#N/A,#N/A,#N/A
11/6/15,54.0,20,48.90,#N/A,#N/A,#N/A,#N/A,#N/A,#N/A,#N/A,#N/A,#N/A
11/9/15,72.0,28,#N/A,#N/A,#N/A,#N/A,#N/A,#N/A,#N/A,#N/A,41.71,#N/A
11/10/15,30.0,20,#N/A,#N/A,#N/A,#N/A,48.00,#N/A,#N/A,#N/A,#N/A,#N/A
11/20/15,86.0,20,#N/A,48.42,#N/A,#N/A,#N/A,#N/A,#N/A,#N/A,#N/A,#N/A
11/30/15,50.0,20,#N/A,51.00,#N/A,#N/A,#N/A,#N/A,#N/A,#N/A,#N/A,#N/A
12/17/15,90.0,30,#N/A,44.22,#N/A,#N/A,#N/A,#N/A,#N/A,#N/A,#N/A,#N/A
12/17/15,20.0,20,72.90,#N/A,#N/A,#N/A,#N/A,#N/A,#N/A,#N/A,#N/A,#N/A
12/18/15,20.0,20,57.43,#N/A,#N/A,#N/A,#N/A,#N/A,#N/A,#N/A,#N/A,#N/A
12/18/15,20.0,20,57.42,#N/A,#N/A,#N/A,#N/A,#N/A,#N/A,#N/A,#N/A,#N/A
12/18/15,20.0,20,57.51,#N/A,#N/A,#N/A,#N/A,#N/A,#N/A,#N/A,#N/A,#N/A
12/18/15,20.0,20,55.48,#N/A,#N/A,#N/A,#N/A,#N/A,#N/A,#N/A,#N/A,#N/A
1/6/16,26.0,25,30.69,#N/A,#N/A,#N/A,#N/A,#N/A,#N/A,#N/A,#N/A,#N/A
4/12/16,8.2,15,#N/A,#N/A,#N/A,#N/A,#N/A,#N/A,#N/A,#N/A,53.05,#N/A
4/12/16,20.4,15,#N/A,#N/A,#N/A,#N/A,#N/A,#N/A,#N/A,#N/A,49.99,#N/A
5/19/16,100.0,25,#N/A,37.61,#N/A,#N/A,#N/A,#N/A,#N/A,#N/A,#N/A,#N/A
8/2/16,128.0,15,34.00,#N/A,#N/A,#N/A,#N/A,#N/A,#N/A,#N/A,#N/A,#N/A
8/4/16,20.0,15,45.01,#N/A,#N/A,#N/A,#N/A,#N/A,#N/A,#N/A,#N/A,#N/A
8/9/16,16.0,30,#N/A,48.45,#N/A,#N/A,#N/A,#N/A,#N/A,#N/A,#N/A,#N/A
8/26/16,60.0,25,#N/A,#N/A,#N/A,#N/A,#N/A,56.64,#N/A,#N/A,#N/A,#N/A
8/29/16,20.0,20,#N/A,#N/A,#N/A,#N/A,#N/A,47.40,#N/A,#N/A,#N/A,#N/A
9/15/16,100.0,15,45.60,#N/A,#N/A,#N/A,#N/A,#N/A,#N/A,#N/A,#N/A,#N/A
9/20/16,100.0,20,#N/A,#N/A,#N/A,#N/A,#N/A,46.42,#N/A,#N/A,#N/A,#N/A
9/22/16,24.9,20,#N/A,#N/A,#N/A,#N/A,#N/A,#N/A,161.31,#N/A,#N/A,#N/A
9/23/16,40.0,20,39.11,#N/A,#N/A,#N/A,#N/A,#N/A,#N/A,#N/A,#N/A,#N/A
9/23/16,20.0,20,39.11,#N/A,#N/A,#N/A,#N/A,#N/A,#N/A,#N/A,#N/A,#N/A
9/23/16,50.0,20,39.11,#N/A,#N/A,#N/A,#N/A,#N/A,#N/A,#N/A,#N/A,#N/A
9/23/16,50.0,20,39.11,#N/A,#N/A,#N/A,#N/A,#N/A,#N/A,#N/A,#N/A,#N/A
11/15/16,105.0,20,41.83,#N/A,#N/A,#N/A,#N/A,#N/A,#N/A,#N/A,#N/A,#N/A
11/18/16,150.0,25,#N/A,#N/A,#N/A,#N/A,36.79,#N/A,#N/A,#N/A,#N/A,#N/A
11/18/16,80.0,20,36.65,#N/A,#N/A,#N/A,#N/A,#N/A,#N/A,#N/A,#N/A,#N/A
11/18/16,125.0,15,30.88,#N/A,#N/A,#N/A,#N/A,#N/A,#N/A,#N/A,#N/A,#N/A
12/13/16,7.8,25,#N/A,44.08,#N/A,#N/A,#N/A,#N/A,#N/A,#N/A,#N/A,#N/A
12/15/16,200.0,25,#N/A,34.47,#N/A,#N/A,#N/A,#N/A,#N/A,#N/A,#N/A,#N/A
12/21/16,20.0,20,#N/A,#N/A,#N/A,#N/A,#N/A,#N/A,63.76,#N/A,#N/A,#N/A
12/21/16,20.0,20,#N/A,#N/A,#N/A,#N/A,#N/A,#N/A,71.77,#N/A,#N/A,#N/A
12/21/16,10.0,20,#N/A,#N/A,#N/A,#N/A,#N/A,#N/A,71.77,#N/A,#N/A,#N/A
1/3/17,7.2,25,#N/A,#N/A,#N/A,#N/A,#N/A,#N/A,#N/A,#N/A,55.69,#N/A
1/12/17,14.7,22,#N/A,#N/A,#N/A,#N/A,#N/A,#N/A,#N/A,#N/A,#N/A,105.92
1/12/17,45.9,22,#N/A,#N/A,#N/A,#N/A,#N/A,#N/A,#N/A,#N/A,#N/A,96.92
1/12/17,100.0,20,#N/A,#N/A,39.23,#N/A,#N/A,#N/A,#N/A,#N/A,#N/A,#N/A
1/17/17,60.0,20,42.55,#N/A,#N/A,#N/A,#N/A,#N/A,#N/A,#N/A,#N/A,#N/A
1/31/17,20.0,20,#N/A,#N/A,#N/A,#N/A,39.85,#N/A,#N/A,#N/A,#N/A,#N/A
3/23/17,17.0,20,34.91,#N/A,#N/A,#N/A,#N/A,#N/A,#N/A,#N/A,#N/A,#N/A
3/31/17,49.0,22,#N/A,#N/A,#N/A,#N/A,#N/A,#N/A,#N/A,#N/A,#N/A,102.05
4/1/17,56.0,25,#N/A,57.28,#N/A,#N/A,#N/A,#N/A,#N/A,#N/A,#N/A,#N/A
4/18/17,74.9,20,#N/A,#N/A,#N/A,#N/A,#N/A,#N/A,#N/A,#N/A,34.01,#N/A
5/22/17,100.0,20,#N/A,22.99,#N/A,#N/A,#N/A,#N/A,#N/A,#N/A,#N/A,#N/A
5/25/17,78.4,20,#N/A,#N/A,#N/A,#N/A,#N/A,#N/A,#N/A,78.10,#N/A,#N/A
5/25/17,50.0,20,#N/A,#N/A,#N/A,#N/A,#N/A,#N/A,#N/A,72.67,#N/A,#N/A
5/25/17,9.5,20,#N/A,#N/A,#N/A,#N/A,#N/A,#N/A,#N/A,68.82,#N/A,#N/A
5/25/17,39.9,20,#N/A,#N/A,#N/A,#N/A,#N/A,#N/A,#N/A,77.73,#N/A,#N/A
5/26/17,52.5,25,#N/A,#N/A,#N/A,#N/A,#N/A,#N/A,#N/A,#N/A,40.08,#N/A
6/1/17,40.0,30,#N/A,#N/A,#N/A,#N/A,#N/A,#N/A,#N/A,#N/A,29.59,#N/A
6/1/17,86.0,30,#N/A,#N/A,#N/A,#N/A,#N/A,#N/A,#N/A,#N/A,28.81,#N/A
6/1/17,74.0,30,#N/A,#N/A,#N/A,#N/A,#N/A,#N/A,#N/A,#N/A,28.81,#N/A
6/7/17,50.0,20,#N/A,32.10,#N/A,#N/A,#N/A,#N/A,#N/A,#N/A,#N/A,#N/A
6/19/17,100.0,20,#N/A,#N/A,30.48,#N/A,#N/A,#N/A,#N/A,#N/A,#N/A,#N/A
6/20/17,19.6,20,#N/A,#N/A,#N/A,#N/A,#N/A,#N/A,#N/A,96.36,#N/A,#N/A
6/20/17,19.6,20,#N/A,#N/A,#N/A,#N/A,#N/A,#N/A,#N/A,87.95,#N/A,#N/A
6/20/17,19.6,20,#N/A,#N/A,#N/A,#N/A,#N/A,#N/A,#N/A,87.37,#N/A,#N/A
6/20/17,19.6,20,#N/A,#N/A,#N/A,#N/A,#N/A,#N/A,#N/A,88.51,#N/A,#N/A
6/26/17,5.0,30,#N/A,#N/A,#N/A,#N/A,#N/A,#N/A,#N/A,#N/A,51.64,#N/A
7/17/17,40.0,20,28.83,#N/A,#N/A,#N/A,#N/A,#N/A,#N/A,#N/A,#N/A,#N/A
7/28/17,8.4,20,#N/A,#N/A,#N/A,#N/A,#N/A,90.54,#N/A,#N/A,#N/A,#N/A
7/28/17,8.4,20,#N/A,#N/A,#N/A,#N/A,#N/A,89.91,#N/A,#N/A,#N/A,#N/A
8/8/17,252.3,20,52.44,#N/A,#N/A,#N/A,#N/A,#N/A,#N/A,#N/A,#N/A,#N/A
8/25/17,100.0,15,29.87,#N/A,#N/A,#N/A,#N/A,#N/A,#N/A,#N/A,#N/A,#N/A
9/22/17,20.0,15,35.31,#N/A,#N/A,#N/A,#N/A,#N/A,#N/A,#N/A,#N/A,#N/A
9/22/17,20.0,15,35.31,#N/A,#N/A,#N/A,#N/A,#N/A,#N/A,#N/A,#N/A,#N/A
9/22/17,20.0,15,35.31,#N/A,#N/A,#N/A,#N/A,#N/A,#N/A,#N/A,#N/A,#N/A
9/23/17,200.0,24,31.78,#N/A,#N/A,#N/A,#N/A,#N/A,#N/A,#N/A,#N/A,#N/A
9/26/17,62.5,20,30.63,#N/A,#N/A,#N/A,#N/A,#N/A,#N/A,#N/A,#N/A,#N/A
9/26/17,50.0,20,30.08,#N/A,#N/A,#N/A,#N/A,#N/A,#N/A,#N/A,#N/A,#N/A
10/6/17,25.0,25,#N/A,29.32,#N/A,#N/A,#N/A,#N/A,#N/A,#N/A,#N/A,#N/A
10/6/17,25.0,25,#N/A,29.32,#N/A,#N/A,#N/A,#N/A,#N/A,#N/A,#N/A,#N/A
10/30/17,50.0,25,#N/A,32.55,#N/A,#N/A,#N/A,#N/A,#N/A,#N/A,#N/A,#N/A
11/8/17,5.0,20,32.15,#N/A,#N/A,#N/A,#N/A,#N/A,#N/A,#N/A,#N/A,#N/A
11/13/17,150.0,30,#N/A,#N/A,#N/A,#N/A,#N/A,#N/A,#N/A,#N/A,28.86,#N/A
11/13/17,200.0,30,#N/A,#N/A,#N/A,#N/A,#N/A,#N/A,#N/A,#N/A,26.31,#N/A
11/14/17,15.0,20,32.15,#N/A,#N/A,#N/A,#N/A,#N/A,#N/A,#N/A,#N/A,#N/A
12/8/17,45.0,20,20.76,#N/A,#N/A,#N/A,#N/A,#N/A,#N/A,#N/A,#N/A,#N/A
12/14/17,150.0,15,#N/A,#N/A,#N/A,#N/A,21.57,#N/A,#N/A,#N/A,#N/A,#N/A
12/15/17,50.0,17,#N/A,#N/A,#N/A,#N/A,#N/A,#N/A,#N/A,#N/A,37.72,#N/A
12/21/17,99.0,27,#N/A,#N/A,30.95,#N/A,#N/A,#N/A,#N/A,#N/A,#N/A,#N/A
1/5/18,50.0,25,#N/A,25.05,#N/A,#N/A,#N/A,#N/A,#N/A,#N/A,#N/A,#N/A
1/9/18,30.0,23,#N/A,29.98,#N/A,#N/A,#N/A,#N/A,#N/A,#N/A,#N/A,#N/A
1/26/18,100.0,20,#N/A,25.93,#N/A,#N/A,#N/A,#N/A,#N/A,#N/A,#N/A,#N/A
1/29/18,57.5,30,#N/A,#N/A,#N/A,#N/A,#N/A,#N/A,#N/A,#N/A,25.06,#N/A
1/29/18,120.0,30,#N/A,#N/A,#N/A,#N/A,#N/A,#N/A,#N/A,#N/A,28.72,#N/A
2/1/18,10.0,30,#N/A,#N/A,36.90,#N/A,#N/A,#N/A,#N/A,#N/A,#N/A,#N/A
2/5/18,50.0,25,#N/A,#N/A,38.54,#N/A,#N/A,#N/A,#N/A,#N/A,#N/A,#N/A
2/21/18,106.7,20,49.23,#N/A,#N/A,#N/A,#N/A,#N/A,#N/A,#N/A,#N/A,#N/A
2/23/18,99.0,27,#N/A,#N/A,30.74,#N/A,#N/A,#N/A,#N/A,#N/A,#N/A,#N/A
3/1/18,20.0,20,#N/A,#N/A,#N/A,#N/A,#N/A,#N/A,68.11,#N/A,#N/A,#N/A
3/1/18,20.0,20,#N/A,#N/A,#N/A,#N/A,#N/A,#N/A,64.59,#N/A,#N/A,#N/A
3/1/18,20.0,20,#N/A,#N/A,#N/A,#N/A,#N/A,#N/A,65.02,#N/A,#N/A,#N/A
3/1/18,90.0,20,#N/A,#N/A,#N/A,#N/A,#N/A,#N/A,57.49,#N/A,#N/A,#N/A
3/1/18,50.0,20,#N/A,#N/A,#N/A,#N/A,#N/A,#N/A,65.65,#N/A,#N/A,#N/A
3/1/18,20.0,20,#N/A,#N/A,#N/A,#N/A,#N/A,#N/A,61.43,#N/A,#N/A,#N/A
3/1/18,20.0,20,#N/A,#N/A,#N/A,#N/A,#N/A,#N/A,66.96,#N/A,#N/A,#N/A
3/1/18,20.0,20,#N/A,#N/A,#N/A,#N/A,#N/A,#N/A,66.22,#N/A,#N/A,#N/A
3/1/18,20.0,20,#N/A,#N/A,#N/A,#N/A,#N/A,#N/A,67.46,#N/A,#N/A,#N/A
4/16/18,6.3,20,#N/A,#N/A,#N/A,#N/A,#N/A,#N/A,170.63,#N/A,#N/A,#N/A
5/7/18,100.0,20,32.60,#N/A,#N/A,#N/A,#N/A,#N/A,#N/A,#N/A,#N/A,#N/A
5/16/18,74.5,20,#N/A,#N/A,#N/A,#N/A,#N/A,#N/A,#N/A,#N/A,31.83,#N/A
5/16/18,74.5,20,#N/A,#N/A,#N/A,#N/A,#N/A,#N/A,#N/A,#N/A,31.83,#N/A
5/30/18,300.0,25,#N/A,19.40,#N/A,#N/A,#N/A,#N/A,#N/A,#N/A,#N/A,#N/A
5/30/18,250.0,25,#N/A,23.27,#N/A,#N/A,#N/A,#N/A,#N/A,#N/A,#N/A,#N/A
5/30/18,50.0,25,#N/A,25.63,#N/A,#N/A,#N/A,#N/A,#N/A,#N/A,#N/A,#N/A
5/30/18,101.0,25,#N/A,22.14,#N/A,#N/A,#N/A,#N/A,#N/A,#N/A,#N/A,#N/A
5/30/18,200.0,25,#N/A,22.15,#N/A,#N/A,#N/A,#N/A,#N/A,#N/A,#N/A,#N/A
5/30/18,100.0,25,#N/A,25.03,#N/A,#N/A,#N/A,#N/A,#N/A,#N/A,#N/A,#N/A
5/31/18,80.0,20,#N/A,#N/A,#N/A,#N/A,#N/A,33.03,#N/A,#N/A,#N/A,#N/A
6/1/18,5.7,15,#N/A,#N/A,#N/A,64.55,#N/A,#N/A,#N/A,#N/A,#N/A,#N/A
6/4/18,80.0,10,#N/A,22.75,#N/A,#N/A,#N/A,#N/A,#N/A,#N/A,#N/A,#N/A
6/6/18,60.0,21,#N/A,26.32,#N/A,#N/A,#N/A,#N/A,#N/A,#N/A,#N/A,#N/A
6/8/18,30.0,20,#N/A,23.01,#N/A,#N/A,#N/A,#N/A,#N/A,#N/A,#N/A,#N/A
6/13/18,58.0,25,#N/A,20.71,#N/A,#N/A,#N/A,#N/A,#N/A,#N/A,#N/A,#N/A
6/13/18,122.0,25,#N/A,24.47,#N/A,#N/A,#N/A,#N/A,#N/A,#N/A,#N/A,#N/A
6/13/18,99.0,25,#N/A,22.35,#N/A,#N/A,#N/A,#N/A,#N/A,#N/A,#N/A,#N/A
6/13/18,80.0,25,#N/A,23.17,#N/A,#N/A,#N/A,#N/A,#N/A,#N/A,#N/A,#N/A
6/15/18,20.0,20,#N/A,#N/A,48.11,#N/A,#N/A,#N/A,#N/A,#N/A,#N/A,#N/A
6/26/18,100.0,27,23.83,#N/A,#N/A,#N/A,#N/A,#N/A,#N/A,#N/A,#N/A,#N/A
6/27/18,42.0,20,#N/A,#N/A,#N/A,#N/A,#N/A,#N/A,#N/A,#N/A,44.28,#N/A
6/30/18,68.0,15,#N/A,#N/A,#N/A,#N/A,#N/A,#N/A,#N/A,#N/A,26.88,#N/A
6/30/18,20.0,30,#N/A,#N/A,#N/A,#N/A,#N/A,#N/A,#N/A,#N/A,23.63,#N/A
6/30/18,200.0,20,#N/A,20.80,#N/A,#N/A,#N/A,#N/A,#N/A,#N/A,#N/A,#N/A
7/10/18,35.0,25,#N/A,29.51,#N/A,#N/A,#N/A,#N/A,#N/A,#N/A,#N/A,#N/A
8/10/18,40.0,25,#N/A,#N/A,45.97,#N/A,#N/A,#N/A,#N/A,#N/A,#N/A,#N/A
8/10/18,10.0,25,#N/A,#N/A,45.97,#N/A,#N/A,#N/A,#N/A,#N/A,#N/A,#N/A
8/22/18,50.0,25,#N/A,26.66,#N/A,#N/A,#N/A,#N/A,#N/A,#N/A,#N/A,#N/A
8/22/18,50.0,25,#N/A,26.66,#N/A,#N/A,#N/A,#N/A,#N/A,#N/A,#N/A,#N/A
8/23/18,86.0,20,#N/A,#N/A,#N/A,#N/A,#N/A,29.78,#N/A,#N/A,#N/A,#N/A
8/31/18,102.5,16,#N/A,#N/A,#N/A,#N/A,#N/A,#N/A,#N/A,#N/A,24.38,#N/A
9/9/18,100.0,15,29.31,#N/A,#N/A,#N/A,#N/A,#N/A,#N/A,#N/A,#N/A,#N/A
9/11/18,100.0,25,#N/A,21.00,#N/A,#N/A,#N/A,#N/A,#N/A,#N/A,#N/A,#N/A
9/19/18,100.0,10,#N/A,#N/A,35.23,#N/A,#N/A,#N/A,#N/A,#N/A,#N/A,#N/A
9/20/18,100.0,25,#N/A,22.71,#N/A,#N/A,#N/A,#N/A,#N/A,#N/A,#N/A,#N/A
9/25/18,60.0,25,#N/A,#N/A,39.48,#N/A,#N/A,#N/A,#N/A,#N/A,#N/A,#N/A
10/1/18,10.5,25,#N/A,#N/A,45.95,#N/A,#N/A,#N/A,#N/A,#N/A,#N/A,#N/A
10/1/18,20.0,15,#N/A,#N/A,#N/A,#N/A,#N/A,#N/A,#N/A,#N/A,22.98,#N/A
10/18/18,144.0,15,#N/A,#N/A,#N/A,#N/A,32.83,#N/A,#N/A,#N/A,#N/A,#N/A
10/18/18,13.0,25,#N/A,38.59,#N/A,#N/A,#N/A,#N/A,#N/A,#N/A,#N/A,#N/A
10/25/18,128.0,20,25.76,#N/A,#N/A,#N/A,#N/A,#N/A,#N/A,#N/A,#N/A,#N/A
11/1/18,70.0,20,#N/A,#N/A,#N/A,#N/A,#N/A,39.84,#N/A,#N/A,#N/A,#N/A
12/11/18,250.0,25,#N/A,#N/A,#N/A,#N/A,#N/A,#N/A,#N/A,#N/A,27.15,#N/A
1/29/19,20.0,20,#N/A,#N/A,#N/A,#N/A,#N/A,#N/A,62.52,#N/A,#N/A,#N/A
1/29/19,177.0,20,#N/A,#N/A,#N/A,#N/A,#N/A,#N/A,57.37,#N/A,#N/A,#N/A
2/1/19,4.6,25,#N/A,#N/A,#N/A,45.61,#N/A,#N/A,#N/A,#N/A,#N/A,#N/A
2/11/19,50.0,30,#N/A,31.81,#N/A,#N/A,#N/A,#N/A,#N/A,#N/A,#N/A,#N/A
2/14/19,22.0,20,#N/A,26.54,#N/A,#N/A,#N/A,#N/A,#N/A,#N/A,#N/A,#N/A
2/28/19,50.0,20,#N/A,#N/A,47.92,#N/A,#N/A,#N/A,#N/A,#N/A,#N/A,#N/A
3/21/19,160.0,30,#N/A,27.97,#N/A,#N/A,#N/A,#N/A,#N/A,#N/A,#N/A,#N/A
3/22/19,120.0,20,#N/A,20.97,#N/A,#N/A,#N/A,#N/A,#N/A,#N/A,#N/A,#N/A
4/22/19,100.0,20,#N/A,#N/A,#N/A,#N/A,#N/A,#N/A,#N/A,#N/A,21.69,#N/A
4/30/19,75.0,5,#N/A,#N/A,#N/A,#N/A,#N/A,#N/A,#N/A,#N/A,28.26,#N/A
5/28/19,26.0,25,27.70,#N/A,#N/A,#N/A,#N/A,#N/A,#N/A,#N/A,#N/A,#N/A
5/30/19,50.0,15,#N/A,20.36,#N/A,#N/A,#N/A,#N/A,#N/A,#N/A,#N/A,#N/A
6/11/19,55.8,15,22.56,#N/A,#N/A,#N/A,#N/A,#N/A,#N/A,#N/A,#N/A,#N/A
6/18/19,88.0,25,#N/A,#N/A,37.82,#N/A,#N/A,#N/A,#N/A,#N/A,#N/A,#N/A
6/18/19,22.0,25,#N/A,#N/A,37.82,#N/A,#N/A,#N/A,#N/A,#N/A,#N/A,#N/A
6/21/19,100.0,20,19.56,#N/A,#N/A,#N/A,#N/A,#N/A,#N/A,#N/A,#N/A,#N/A
6/27/19,50.0,20,#N/A,17.17,#N/A,#N/A,#N/A,#N/A,#N/A,#N/A,#N/A,#N/A
6/27/19,300.0,20,#N/A,15.86,#N/A,#N/A,#N/A,#N/A,#N/A,#N/A,#N/A,#N/A
7/1/19,40.0,15,23.14,#N/A,#N/A,#N/A,#N/A,#N/A,#N/A,#N/A,#N/A,#N/A
7/1/19,400.0,25,15.91,#N/A,#N/A,#N/A,#N/A,#N/A,#N/A,#N/A,#N/A,#N/A
7/1/19,80.0,25,#N/A,24.37,#N/A,#N/A,#N/A,#N/A,#N/A,#N/A,#N/A,#N/A
7/8/19,50.0,20,#N/A,#N/A,#N/A,#N/A,#N/A,#N/A,#N/A,#N/A,37.48,#N/A
7/9/19,62.5,20,26.77,#N/A,#N/A,#N/A,#N/A,#N/A,#N/A,#N/A,#N/A,#N/A
7/25/19,17.5,20,#N/A,#N/A,#N/A,#N/A,#N/A,25.60,#N/A,#N/A,#N/A,#N/A
7/26/19,112.0,15,27.42,#N/A,#N/A,#N/A,#N/A,#N/A,#N/A,#N/A,#N/A,#N/A
7/26/19,100.0,20,#N/A,20.83,#N/A,#N/A,#N/A,#N/A,#N/A,#N/A,#N/A,#N/A
8/6/19,100.0,20,19.56,#N/A,#N/A,#N/A,#N/A,#N/A,#N/A,#N/A,#N/A,#N/A
8/19/19,100.0,20,#N/A,#N/A,40.38,#N/A,#N/A,#N/A,#N/A,#N/A,#N/A,#N/A
8/30/19,240.0,20,#N/A,17.00,#N/A,#N/A,#N/A,#N/A,#N/A,#N/A,#N/A,#N/A
9/12/19,65.0,15,#N/A,#N/A,#N/A,#N/A,#N/A,27.35,#N/A,#N/A,#N/A,#N/A
9/19/19,9.3,20,#N/A,#N/A,41.10,#N/A,#N/A,#N/A,#N/A,#N/A,#N/A,#N/A
9/22/19,88.0,20,#N/A,#N/A,#N/A,#N/A,#N/A,34.65,#N/A,#N/A,#N/A,#N/A
9/22/19,90.0,20,#N/A,#N/A,#N/A,#N/A,#N/A,33.76,#N/A,#N/A,#N/A,#N/A
9/22/19,70.0,20,#N/A,#N/A,#N/A,#N/A,#N/A,33.76,#N/A,#N/A,#N/A,#N/A
10/1/19,150.0,30,#N/A,#N/A,#N/A,#N/A,#N/A,#N/A,#N/A,#N/A,22.42,#N/A
10/17/19,100.0,20,#N/A,12.75,#N/A,#N/A,#N/A,#N/A,#N/A,#N/A,#N/A,#N/A
10/17/19,100.0,20,#N/A,17.86,#N/A,#N/A,#N/A,#N/A,#N/A,#N/A,#N/A,#N/A
10/18/19,35.0,20,#N/A,#N/A,#N/A,#N/A,#N/A,32.10,#N/A,#N/A,#N/A,#N/A
10/23/19,107.0,15,#N/A,#N/A,#N/A,#N/A,#N/A,#N/A,#N/A,#N/A,21.88,#N/A
11/5/19,132.0,15,24.07,#N/A,#N/A,#N/A,#N/A,#N/A,#N/A,#N/A,#N/A,#N/A
11/14/19,250.0,20,#N/A,18.31,#N/A,#N/A,#N/A,#N/A,#N/A,#N/A,#N/A,#N/A
11/14/19,88.0,20,#N/A,18.31,#N/A,#N/A,#N/A,#N/A,#N/A,#N/A,#N/A,#N/A
11/19/19,25.0,15,#N/A,#N/A,#N/A,#N/A,#N/A,#N/A,#N/A,#N/A,22.96,#N/A
11/21/19,100.0,20,#N/A,#N/A,#N/A,#N/A,#N/A,#N/A,#N/A,#N/A,24.21,#N/A
11/26/19,44.0,15,24.99,#N/A,#N/A,#N/A,#N/A,#N/A,#N/A,#N/A,#N/A,#N/A
11/26/19,100.0,25,#N/A,21.55,#N/A,#N/A,#N/A,#N/A,#N/A,#N/A,#N/A,#N/A
11/26/19,162.0,15,#N/A,38.38,#N/A,#N/A,#N/A,#N/A,#N/A,#N/A,#N/A,#N/A
12/5/19,100.0,20,24.07,#N/A,#N/A,#N/A,#N/A,#N/A,#N/A,#N/A,#N/A,#N/A
12/10/19,200.0,17,#N/A,23.45,#N/A,#N/A,#N/A,#N/A,#N/A,#N/A,#N/A,#N/A
12/17/19,100.0,15,#N/A,#N/A,#N/A,#N/A,#N/A,#N/A,#N/A,#N/A,21.88,#N/A
12/20/19,50.0,20,#N/A,#N/A,#N/A,#N/A,#N/A,#N/A,#N/A,45.04,#N/A,#N/A
12/23/19,80.0,15,#N/A,24.90,#N/A,#N/A,#N/A,#N/A,#N/A,#N/A,#N/A,#N/A
12/23/19,100.0,15,#N/A,#N/A,#N/A,#N/A,#N/A,#N/A,#N/A,#N/A,25.35,#N/A
1/6/20,50.5,20,26.92,#N/A,#N/A,#N/A,#N/A,#N/A,#N/A,#N/A,#N/A,#N/A
1/22/20,35.0,24,#N/A,#N/A,#N/A,#N/A,#N/A,#N/A,#N/A,#N/A,20.57,#N/A
2/14/20,50.0,15,31.90,#N/A,#N/A,#N/A,#N/A,#N/A,#N/A,#N/A,#N/A,#N/A
2/14/20,160.5,17,24.61,#N/A,#N/A,#N/A,#N/A,#N/A,#N/A,#N/A,#N/A,#N/A
2/19/20,75.0,25,#N/A,25.52,#N/A,#N/A,#N/A,#N/A,#N/A,#N/A,#N/A,#N/A
2/19/20,80.0,25,25.51,#N/A,#N/A,#N/A,#N/A,#N/A,#N/A,#N/A,#N/A,#N/A
2/26/20,80.0,20,#N/A,#N/A,#N/A,#N/A,#N/A,#N/A,#N/A,#N/A,20.22,#N/A
3/13/20,22.9,30,#N/A,#N/A,#N/A,#N/A,#N/A,#N/A,122.50,#N/A,#N/A,#N/A
3/25/20,200.0,22,#N/A,19.09,#N/A,#N/A,#N/A,#N/A,#N/A,#N/A,#N/A,#N/A
4/6/20,95.0,20,#N/A,#N/A,24.08,#N/A,#N/A,#N/A,#N/A,#N/A,#N/A,#N/A
4/8/20,127.9,12,#N/A,20.15,#N/A,#N/A,#N/A,#N/A,#N/A,#N/A,#N/A,#N/A
4/8/20,100.0,15,23.50,#N/A,#N/A,#N/A,#N/A,#N/A,#N/A,#N/A,#N/A,#N/A
5/2/20,100.0,15,22.34,#N/A,#N/A,#N/A,#N/A,#N/A,#N/A,#N/A,#N/A,#N/A
5/6/20,79.0,25,#N/A,#N/A,33.30,#N/A,#N/A,#N/A,#N/A,#N/A,#N/A,#N/A
5/19/20,75.0,5,#N/A,#N/A,#N/A,#N/A,#N/A,#N/A,#N/A,#N/A,30.78,#N/A
5/26/20,160,20,#N/A,#N/A,24.10,#N/A,#N/A,#N/A,#N/A,#N/A,#N/A,#N/A
6/1/20,150,15,#N/A,25.71,#N/A,#N/A,#N/A,#N/A,#N/A,#N/A,#N/A,#N/A
7/10/20,20,20,#N/A,#N/A,#N/A,#N/A,#N/A,33.33,#N/A,#N/A,#N/A,#N/A
7/10/20,20,20,#N/A,#N/A,#N/A,#N/A,#N/A,33.89,#N/A,#N/A,#N/A,#N/A
7/24/20,196,15,#N/A,#N/A,#N/A,#N/A,#N/A,30.58,#N/A,#N/A,#N/A,#N/A
7/24/20,100,15,#N/A,#N/A,#N/A,#N/A,#N/A,31.25,#N/A,#N/A,#N/A,#N/A
8/24/20,50,20,#N/A,#N/A,#N/A,#N/A,#N/A,#N/A,#N/A,44.66,#N/A,#N/A
8/26/20,150,20,#N/A,#N/A,34.40,#N/A,#N/A,#N/A,#N/A,#N/A,#N/A,#N/A
8/31/20,132,20,#N/A,#N/A,#N/A,#N/A,#N/A,33.15,#N/A,#N/A,#N/A,#N/A
9/14/20,175,17,#N/A,19.28,#N/A,#N/A,#N/A,#N/A,#N/A,#N/A,#N/A,#N/A
9/18/20,70,25,24.24,#N/A,#N/A,#N/A,#N/A,#N/A,#N/A,#N/A,#N/A,#N/A
9/18/20,10,20,25.32,#N/A,#N/A,#N/A,#N/A,#N/A,#N/A,#N/A,#N/A,#N/A
9/23/20,100,20,#N/A,23.27,#N/A,#N/A,#N/A,#N/A,#N/A,#N/A,#N/A,#N/A
9/25/20,200,20,#N/A,22.39,#N/A,#N/A,#N/A,#N/A,#N/A,#N/A,#N/A,#N/A
9/30/20,152.5,15,#N/A,#N/A,#N/A,#N/A,#N/A,31.18,#N/A,#N/A,#N/A,#N/A
10/2/20,233,15,22.56,#N/A,#N/A,#N/A,#N/A,#N/A,#N/A,#N/A,#N/A,#N/A
10/6/20,20,20,#N/A,#N/A,48.13,#N/A,#N/A,#N/A,#N/A,#N/A,#N/A,#N/A
10/29/20,20,14,#N/A,#N/A,#N/A,#N/A,#N/A,31.24,#N/A,#N/A,#N/A,#N/A
11/2/20,63,25,18.32,#N/A,#N/A,#N/A,#N/A,#N/A,#N/A,#N/A,#N/A,#N/A
11/5/20,26,20,23.34,#N/A,#N/A,#N/A,#N/A,#N/A,#N/A,#N/A,#N/A,#N/A
11/6/20,56,15,27.46,#N/A,#N/A,#N/A,#N/A,#N/A,#N/A,#N/A,#N/A,#N/A
12/1/20,50,30,#N/A,26.34,#N/A,#N/A,#N/A,#N/A,#N/A,#N/A,#N/A,#N/A
12/22/20,200,15,#N/A,18.13,#N/A,#N/A,#N/A,#N/A,#N/A,#N/A,#N/A,#N/A
12/23/20,10,10,62.05,#N/A,#N/A,#N/A,#N/A,#N/A,#N/A,#N/A,#N/A,#N/A
12/30/20,7.5,25,#N/A,#N/A,#N/A,#N/A,#N/A,#N/A,#N/A,#N/A,38.34,#N/A
12/30/20,80,25,#N/A,34.82,#N/A,#N/A,#N/A,#N/A,#N/A,#N/A,#N/A,#N/A
1/21/21,90,20,27.56,#N/A,#N/A,#N/A,#N/A,#N/A,#N/A,#N/A,#N/A,#N/A
1/28/21,96,15,#N/A,#N/A,#N/A,#N/A,#N/A,43.12,#N/A,#N/A,#N/A,#N/A
1/28/21,75,15,22.23,#N/A,#N/A,#N/A,#N/A,#N/A,#N/A,#N/A,#N/A,#N/A
2/1/21,190,20,#N/A,17.19,#N/A,#N/A,#N/A,#N/A,#N/A,#N/A,#N/A,#N/A
2/1/21,190,20,#N/A,16.74,#N/A,#N/A,#N/A,#N/A,#N/A,#N/A,#N/A,#N/A
2/4/21,50,20,#N/A,17.25,#N/A,#N/A,#N/A,#N/A,#N/A,#N/A,#N/A,#N/A
2/23/21,50,20,21.65,#N/A,#N/A,#N/A,#N/A,#N/A,#N/A,#N/A,#N/A,#N/A
3/8/21,74.5,20,#N/A,#N/A,#N/A,#N/A,#N/A,#N/A,#N/A,#N/A,28.28,#N/A
3/25/21,130,25,#N/A,19.68,#N/A,#N/A,#N/A,#N/A,#N/A,#N/A,#N/A,#N/A
4/1/21,150,20,#N/A,12.40,#N/A,#N/A,#N/A,#N/A,#N/A,#N/A,#N/A,#N/A
4/1/21,300,20,#N/A,15.93,#N/A,#N/A,#N/A,#N/A,#N/A,#N/A,#N/A,#N/A
4/8/21,50,15,29.64,#N/A,#N/A,#N/A,#N/A,#N/A,#N/A,#N/A,#N/A,#N/A
4/16/21,40,31,#N/A,#N/A,25.21,#N/A,#N/A,#N/A,#N/A,#N/A,#N/A,#N/A
5/7/21,30,20,#N/A,#N/A,33.49,#N/A,#N/A,#N/A,#N/A,#N/A,#N/A,#N/A
5/12/21,100,15,22.47,#N/A,#N/A,#N/A,#N/A,#N/A,#N/A,#N/A,#N/A,#N/A
6/1/21,350,25,#N/A,19.49,#N/A,#N/A,#N/A,#N/A,#N/A,#N/A,#N/A,#N/A
6/1/21,250,25,#N/A,20.62,#N/A,#N/A,#N/A,#N/A,#N/A,#N/A,#N/A,#N/A
6/1/21,90,20,18.32,#N/A,#N/A,#N/A,#N/A,#N/A,#N/A,#N/A,#N/A,#N/A
6/4/21,93.5,15,18.09,#N/A,#N/A,#N/A,#N/A,#N/A,#N/A,#N/A,#N/A,#N/A
6/17/21,200,30,#N/A,25.39,#N/A,#N/A,#N/A,#N/A,#N/A,#N/A,#N/A,#N/A
8/12/21,100,25,#N/A,19.77,#N/A,#N/A,#N/A,#N/A,#N/A,#N/A,#N/A,#N/A
8/27/21,80,15,#N/A,#N/A,26.36,#N/A,#N/A,#N/A,#N/A,#N/A,#N/A,#N/A
10/8/21,100,25,#N/A,#N/A,38.60,#N/A,#N/A,#N/A,#N/A,#N/A,#N/A,#N/A
10/14/21,30,30,#N/A,#N/A,#N/A,25.42,#N/A,#N/A,#N/A,#N/A,#N/A,#N/A
10/15/21,125,20,#N/A,#N/A,40.12,#N/A,#N/A,#N/A,#N/A,#N/A,#N/A,#N/A
10/15/21,102,15,24.44,#N/A,#N/A,#N/A,#N/A,#N/A,#N/A,#N/A,#N/A,#N/A
10/18/21,60,22,#N/A,25.53,#N/A,#N/A,#N/A,#N/A,#N/A,#N/A,#N/A,#N/A
12/13/21,107,20,#N/A,#N/A,#N/A,#N/A,#N/A,#N/A,#N/A,#N/A,25.81,#N/A
12/17/21,150,20,#N/A,36.37,#N/A,#N/A,#N/A,#N/A,#N/A,#N/A,#N/A,#N/A
1/13/22,55,20,#N/A,#N/A,#N/A,#N/A,#N/A,42.49,#N/A,#N/A,#N/A,#N/A
1/21/22,70,20,27.33,#N/A,#N/A,#N/A,#N/A,#N/A,#N/A,#N/A,#N/A,#N/A
2/16/22,40,20,#N/A,32.40,#N/A,#N/A,#N/A,#N/A,#N/A,#N/A,#N/A,#N/A
2/21/22,150,20,#N/A,33.29,#N/A,#N/A,#N/A,#N/A,#N/A,#N/A,#N/A,#N/A
2/28/22,110,13,#N/A,#N/A,#N/A,#N/A,#N/A,#N/A,#N/A,62.06,#N/A,#N/A
4/18/22,60,20,#N/A,32.79,#N/A,#N/A,#N/A,#N/A,#N/A,#N/A,#N/A,#N/A
4/20/22,120,15,37.97,#N/A,#N/A,#N/A,#N/A,#N/A,#N/A,#N/A,#N/A,#N/A
4/28/22,20,20,#N/A,23.86,#N/A,#N/A,#N/A,#N/A,#N/A,#N/A,#N/A,#N/A
5/13/22,130,20,#N/A,23.96,#N/A,#N/A,#N/A,#N/A,#N/A,#N/A,#N/A,#N/A
5/25/22,80,10,#N/A,#N/A,#N/A,29.33,#N/A,#N/A,#N/A,#N/A,#N/A,#N/A
6/23/22,80,25,#N/A,27.79,#N/A,#N/A,#N/A,#N/A,#N/A,#N/A,#N/A,#N/A
7/27/22,66,25,#N/A,30.33,#N/A,#N/A,#N/A,#N/A,#N/A,#N/A,#N/A,#N/A
8/22/22,15.2,25,#N/A,#N/A,61.92,#N/A,#N/A,#N/A,#N/A,#N/A,#N/A,#N/A
8/22/22,5.6,25,#N/A,#N/A,62.57,#N/A,#N/A,#N/A,#N/A,#N/A,#N/A,#N/A
9/15/22,66,15,#N/A,#N/A,#N/A,#N/A,#N/A,57.66,#N/A,#N/A,#N/A,#N/A
9/15/22,118,15,#N/A,#N/A,#N/A,#N/A,#N/A,52.42,#N/A,#N/A,#N/A,#N/A
9/27/22,107,20,#N/A,#N/A,#N/A,#N/A,#N/A,37.52,#N/A,#N/A,#N/A,#N/A
9/29/22,100,17,21.45,#N/A,#N/A,#N/A,#N/A,#N/A,#N/A,#N/A,#N/A,#N/A
10/20/22,125,20,#N/A,19.75,#N/A,#N/A,#N/A,#N/A,#N/A,#N/A,#N/A,#N/A
10/25/22,30,20,#N/A,#N/A,49.72,#N/A,#N/A,#N/A,#N/A,#N/A,#N/A,#N/A
10/26/22,60,15,#N/A,#N/A,#N/A,#N/A,#N/A,#N/A,#N/A,#N/A,31.01,#N/A
10/28/22,100,15,22.52,#N/A,#N/A,#N/A,#N/A,#N/A,#N/A,#N/A,#N/A,#N/A
12/21/22,150,15,#N/A,#N/A,#N/A,#N/A,#N/A,50.34,#N/A,#N/A,#N/A,#N/A
1/20/23,100,25,#N/A,28.67,#N/A,#N/A,#N/A,#N/A,#N/A,#N/A,#N/A,#N/A
1/24/23,65,20,#N/A,36.43,#N/A,#N/A,#N/A,#N/A,#N/A,#N/A,#N/A,#N/A
6/30/23,138.8,20,#N/A,#N/A,#N/A,#N/A,#N/A,#N/A,#N/A,#N/A,46.27,#N/A
7/21/23,140,20,#N/A,26.72,#N/A,#N/A,#N/A,#N/A,#N/A,#N/A,#N/A,#N/A
10/24/23,100,20,#N/A,23.99,#N/A,#N/A,#N/A,#N/A,#N/A,#N/A,#N/A,#N/A
10/24/23,19.99,20,#N/A,#N/A,#N/A,#N/A,#N/A,#N/A,68.23,#N/A,#N/A,#N/A
10/24/23,19.99,20,#N/A,#N/A,#N/A,#N/A,#N/A,#N/A,64.30,#N/A,#N/A,#N/A
10/24/23,145,20,#N/A,#N/A,#N/A,#N/A,#N/A,#N/A,72.16,#N/A,#N/A,#N/A
10/24/23,19.99,20,#N/A,#N/A,#N/A,#N/A,#N/A,#N/A,64.45,#N/A,#N/A,#N/A
10/24/23,125,20,#N/A,#N/A,#N/A,#N/A,#N/A,#N/A,58.96,#N/A,#N/A,#N/A
10/24/23,135,20,#N/A,#N/A,#N/A,#N/A,#N/A,#N/A,68.40,#N/A,#N/A,#N/A
10/24/23,112,20,#N/A,#N/A,#N/A,#N/A,#N/A,#N/A,71.54,#N/A,#N/A,#N/A
10/24/23,200,20,#N/A,#N/A,#N/A,#N/A,#N/A,#N/A,61.11,#N/A,#N/A,#N/A
10/24/23,401.64,20,#N/A,#N/A,#N/A,#N/A,#N/A,#N/A,59.95,#N/A,#N/A,#N/A
10/24/23,100,20,#N/A,#N/A,#N/A,#N/A,#N/A,#N/A,55.73,#N/A,#N/A,#N/A
11/15/23,25,25,#N/A,26.83,#N/A,#N/A,#N/A,#N/A,#N/A,#N/A,#N/A,#N/A
11/17/23,300,20,#N/A,#N/A,47.09,#N/A,#N/A,#N/A,#N/A,#N/A,#N/A,#N/A
1/31/24,200,25,#N/A,28.93,#N/A,#N/A,#N/A,#N/A,#N/A,#N/A,#N/A,#N/A
2/15/24,125,20,35.91,#N/A,#N/A,#N/A,#N/A,#N/A,#N/A,#N/A,#N/A,#N/A
3/21/24,35,12,#N/A,#N/A,48.63,#N/A,#N/A,#N/A,#N/A,#N/A,#N/A,#N/A
5/3/24,127.85,25,#N/A,25.59,#N/A,#N/A,#N/A,#N/A,#N/A,#N/A,#N/A,#N/A
5/3/24,700,25,#N/A,25.87,#N/A,#N/A,#N/A,#N/A,#N/A,#N/A,#N/A,#N/A
12/3/24,92.98,20,#N/A,#N/A,#N/A,#N/A,#N/A,#N/A,78.67,#N/A,#N/A,#N/A
12/3/24,19.99,20,#N/A,#N/A,#N/A,#N/A,#N/A,#N/A,79.63,#N/A,#N/A,#N/A
12/3/24,280,20,#N/A,#N/A,#N/A,#N/A,#N/A,#N/A,81.62,#N/A,#N/A,#N/A
12/3/24,19.99,20,#N/A,#N/A,#N/A,#N/A,#N/A,#N/A,79.63,#N/A,#N/A,#N/A
12/3/24,19.99,20,#N/A,#N/A,#N/A,#N/A,#N/A,#N/A,79.63,#N/A,#N/A,#N/A
12/3/24,19.99,20,#N/A,#N/A,#N/A,#N/A,#N/A,#N/A,79.63,#N/A,#N/A,#N/A
12/3/24,19.99,20,#N/A,#N/A,#N/A,#N/A,#N/A,#N/A,79.63,#N/A,#N/A,#N/A
12/3/24,19.99,20,#N/A,#N/A,#N/A,#N/A,#N/A,#N/A,79.63,#N/A,#N/A,#N/A
12/3/24,19.99,20,#N/A,#N/A,#N/A,#N/A,#N/A,#N/A,86.37,#N/A,#N/A,#N/A
12/3/24,19.99,20,#N/A,#N/A,#N/A,#N/A,#N/A,#N/A,73.55,#N/A,#N/A,#N/A
12/3/24,18,20,#N/A,#N/A,#N/A,#N/A,#N/A,#N/A,79.63,#N/A,#N/A,#N/A
12/3/24,15,20,#N/A,#N/A,#N/A,#N/A,#N/A,#N/A,75.34,#N/A,#N/A,#N/A
12/3/24,19.99,20,#N/A,#N/A,#N/A,#N/A,#N/A,#N/A,79.63,#N/A,#N/A,#N/A
12/3/24,19.99,20,#N/A,#N/A,#N/A,#N/A,#N/A,#N/A,79.63,#N/A,#N/A,#N/A
12/3/24,500,20,#N/A,#N/A,#N/A,#N/A,#N/A,#N/A,58.89,#N/A,#N/A,#N/A
12/3/24,19.99,20,#N/A,#N/A,#N/A,#N/A,#N/A,#N/A,76.30,#N/A,#N/A,#N/A
12/3/24,200,20,#N/A,#N/A,#N/A,#N/A,#N/A,#N/A,82.56,#N/A,#N/A,#N/A
12/3/24,100,20,#N/A,#N/A,#N/A,#N/A,#N/A,#N/A,75.69,#N/A,#N/A,#N/A
12/3/24,79.8,20,#N/A,#N/A,#N/A,#N/A,#N/A,#N/A,80.74,#N/A,#N/A,#N/A
1/25/25,150,15,45.03,#N/A,#N/A,#N/A,#N/A,#N/A,#N/A,#N/A,#N/A,#N/A
2/1/25,12.15,20,#N/A,#N/A,#N/A,#N/A,#N/A,#N/A,122.65,#N/A,#N/A,#N/A
6/13/25,90,20,#N/A,28.21,#N/A,#N/A,#N/A,#N/A,#N/A,#N/A,#N/A,#N/A
6/13/25,100,20,#N/A,29.51,#N/A,#N/A,#N/A,#N/A,#N/A,#N/A,#N/A,#N/A
6/13/25,100,20,#N/A,30.60,#N/A,#N/A,#N/A,#N/A,#N/A,#N/A,#N/A,#N/A