stateid,period,CLEIV,CLTCE,FFTCE,NGEIV,NNTCE,NUEGV,PAEIV,PMTCE
AK,2016,29.7,1.6,33.4,187.7,16.9,0.0,67.0,14.9
AK,2017,28.4,1.6,33.7,204.8,17.6,0.0,81.4,14.6
AK,2018,34.0,1.7,34.5,170.6,17.7,0.0,86.3,15.2
AK,2019,38.7,1.7,34.3,170.3,17.6,0.0,79.0,15.1
AK,2020,39.4,1.8,36.1,147.1,19.1,0.0,68.0,15.1
AK,2021,38.1,1.8,39.8,159.4,20.2,0.0,90.1,17.8
AK,2022,43.5,1.8,42.1,166.9,22.4,0.0,139.7,18.0
AK,2023,49.4,1.8,43.2,224.7,22.9,0.0,132.1,18.5
AL,2016,801.6,39.1,113.5,1257.5,37.4,289.3,3.7,37.1
AL,2017,684.1,36.1,108.2,1309.2,35.6,331.2,4.4,36.5
AL,2018,721.5,35.9,112.0,1509.2,40.3,306.8,12.9,35.8
AL,2019,615.3,30.2,106.0,1240.4,39.1,319.8,2.5,36.6
AL,2020,465.2,24.5,98.1,1005.1,37.3,306.0,0.7,36.3
AL,2021,591.7,29.6,108.4,1720.8,38.6,303.7,3.2,40.2
AL,2022,743.9,28.5,109.5,3582.7,41.2,284.6,11.0,39.8
AL,2023,605.9,21.5,101.0,1467.0,40.5,312.3,4.0,39.0
AR,2016,525.4,23.5,61.8,428.5,16.5,94.5,4.3,21.8
AR,2017,533.7,25.6,63.9,429.8,16.6,110.8,6.1,21.7
AR,2018,594.1,29.1,70.5,515.0,19.2,107.7,5.3,22.3
AR,2019,463.4,22.9,64.9,426.2,19.4,95.9,6.6,22.5
AR,2020,296.4,15.5,54.5,322.6,17.5,92.8,5.2,21.5
AR,2021,442.5,20.7,61.8,1072.9,18.8,75.2,8.6,22.3
AR,2022,486.8,20.3,63.3,1349.7,20.8,74.4,16.7,22.2
AR,2023,387.6,17.3,60.4,531.3,20.9,72.9,10.2,22.2
AZ,2016,681.1,30.9,90.8,839.3,19.7,280.1,6.4,40.1
AZ,2017,734.9,32.0,90.4,839.8,17.7,250.9,8.5,40.7
AZ,2018,790.4,31.7,94.0,876.7,21.1,222.3,9.4,41.1
AZ,2019,642.5,24.6,92.5,787.5,25.6,243.3,12.1,42.2
AZ,2020,322.0,15.0,80.1,966.0,27.1,232.2,5.9,37.9
AZ,2021,355.3,15.4,82.8,1764.5,25.6,215.6,8.6,41.8
AZ,2022,420.9,14.8,80.4,2939.2,24.7,220.3,10.0,40.9
AZ,2023,402.9,13.2,83.0,1770.9,28.4,211.7,8.6,41.4
CA,2016,0.0,3.1,348.9,2104.6,117.2,127.9,4.3,228.6
CA,2017,0.0,3.2,352.3,2259.7,114.1,124.9,5.4,234.9
CA,2018,0.0,3.2,355.0,2852.1,115.1,129.1,6.5,236.6
CA,2019,0.0,3.0,354.6,2199.5,115.6,113.6,5.8,236.0
CA,2020,0.0,2.7,299.6,2070.6,112.3,110.5,4.9,184.7
CA,2021,0.0,2.7,321.9,3598.7,113.4,121.9,6.5,205.9
CA,2022,0.0,2.9,324.1,6595.4,111.3,111.1,7.9,210.0
CA,2023,0.0,2.8,324.3,5455.5,112.5,106.3,8.4,209.1
CO,2016,581.4,30.7,88.1,327.6,24.2,0.0,1.0,33.1
CO,2017,547.0,30.2,88.4,363.7,24.1,0.0,1.5,34.1
CO,2018,459.5,27.2,89.7,500.9,27.0,0.0,2.7,35.4
CO,2019,469.1,26.1,91.3,448.9,28.9,0.0,2.0,36.2
CO,2020,361.4,20.8,79.5,436.5,28.8,0.0,1.3,29.9
CO,2021,398.7,24.2,84.8,943.3,26.6,0.0,7.0,34.0
CO,2022,438.6,22.3,86.5,955.5,27.4,0.0,10.0,36.7
CO,2023,426.3,19.6,82.2,549.6,27.4,0.0,77.5,35.2
CT,2016,9.5,0.2,33.7,451.5,13.4,123.1,7.5,20.0
CT,2017,10.9,0.2,33.5,473.9,13.0,123.3,18.5,20.2
CT,2018,15.6,0.4,36.9,653.2,15.1,119.8,44.2,21.5
CT,2019,2.9,0.1,36.2,517.9,15.5,113.4,4.1,20.7
CT,2020,0.2,0.0,33.4,391.5,15.7,101.8,4.9,17.7
CT,2021,11.5,0.3,36.2,789.7,16.1,131.1,9.4,19.8
CT,2022,0.0,0.0,37.0,1509.7,16.2,101.1,79.8,20.8
CT,2023,0.0,0.0,36.2,635.4,16.1,84.1,26.5,20.1
DC,2016,0.0,0.0,2.8,0.0,1.6,0.0,0.0,1.2
DC,2017,0.0,0.0,2.6,0.0,1.6,0.0,0.0,1.0
DC,2018,0.0,0.0,2.9,0.0,1.7,0.0,0.0,1.1
DC,2019,0.0,0.0,2.8,0.0,1.7,0.0,0.0,1.1
DC,2020,0.0,0.0,2.4,0.0,1.5,0.0,0.0,0.9
DC,2021,0.0,0.0,2.6,0.0,1.5,0.0,0.0,1.1
DC,2022,0.0,0.0,2.6,0.0,1.6,0.0,0.0,1.1
DC,2023,0.0,0.0,2.5,0.0,1.4,0.0,0.0,1.1
DE,2016,16.1,0.8,14.4,112.1,5.9,0.0,5.7,7.7
DE,2017,12.9,0.5,13.7,123.2,5.4,0.0,3.4,7.9
DE,2018,11.3,0.4,13.9,115.3,5.2,0.0,28.9,8.3
DE,2019,5.6,0.2,13.6,74.7,4.9,0.0,2.9,8.5
DE,2020,4.7,0.2,12.2,52.0,4.6,0.0,1.4,7.3
DE,2021,11.0,0.4,12.7,86.2,4.3,0.0,3.8,7.9
DE,2022,5.8,0.2,12.7,215.0,4.7,0.0,29.8,7.8
DE,2023,1.2,0.0,12.2,57.9,4.4,0.0,4.3,7.7
FL,2016,1244.3,40.7,237.8,4560.4,74.6,198.6,130.7,122.5
FL,2017,1158.7,39.0,237.5,5091.9,75.0,210.5,94.5,123.6
FL,2018,905.6,31.4,241.1,5665.9,79.7,193.0,144.2,130.1
FL,2019,632.3,22.3,232.9,5020.1,83.2,161.8,76.4,127.3
FL,2020,436.3,17.3,207.0,4447.9,85.4,167.0,55.3,104.3
FL,2021,517.2,19.2,225.6,6848.0,83.9,168.1,98.6,122.5
FL,2022,608.2,16.5,231.4,11821.7,87.5,155.6,198.0,127.4
FL,2023,428.6,12.4,229.5,5755.2,88.3,153.7,106.5,128.8
GA,2016,1083.1,38.2,143.9,1168.2,38.1,290.9,10.1,67.6
GA,2017,930.3,32.9,141.1,1324.9,37.2,280.5,13.6,71.0
GA,2018,911.5,32.5,141.4,1498.3,39.8,282.3,39.2,69.0
GA,2019,714.0,26.1,136.1,1260.1,41.3,271.6,12.9,68.6
GA,2020,393.8,14.7,116.1,1019.8,40.9,262.5,6.5,60.5
GA,2021,540.9,19.5,123.8,1762.6,40.6,265.9,15.0,63.6
GA,2022,676.3,17.3,124.8,3507.9,42.5,256.2,62.4,65.0
GA,2023,775.1,17.0,125.7,1342.1,41.3,301.6,11.1,67.4
HI,2016,49.8,1.6,19.6,0.0,0.0,0.0,555.3,18.0
HI,2017,46.0,1.4,20.1,0.0,0.0,0.0,717.2,18.7
HI,2018,47.1,1.4,20.0,0.0,0.0,0.0,911.2,18.6
HI,2019,49.8,1.4,20.3,0.0,0.0,0.0,858.8,18.9
HI,2020,45.9,1.3,14.7,0.0,0.0,0.0,581.0,13.4
HI,2021,42.4,1.2,17.2,0.0,0.0,0.0,852.4,16.0
HI,2022,29.5,0.7,18.1,0.0,0.0,0.0,1624.3,17.4
HI,2023,0.0,0.0,18.0,0.0,0.0,0.0,1435.9,18.0
IA,2016,397.4,28.5,71.9,58.7,16.4,32.8,10.3,27.0
IA,2017,419.0,28.7,73.8,94.6,19.4,41.2,9.1,25.7
IA,2018,455.1,31.2,79.8,149.2,22.3,38.1,12.2,26.4
IA,2019,341.8,25.5,75.0,132.5,22.4,37.5,11.5,27.1
IA,2020,215.5,17.5,63.3,96.9,20.5,19.7,7.3,25.2
IA,2021,360.0,25.3,71.1,188.1,19.8,0.0,22.4,25.9
IA,2022,332.3,21.8,71.5,356.5,22.5,0.0,34.9,27.2
IA,2023,287.5,19.3,68.0,208.0,23.1,0.0,18.6,25.7
ID,2016,0.0,0.2,18.3,68.1,5.8,0.0,0.0,12.3
ID,2017,0.0,0.2,18.7,69.7,6.1,0.0,0.0,12.4
ID,2018,0.0,0.3,19.0,85.0,6.1,0.0,0.0,12.7
ID,2019,0.0,0.2,20.0,128.5,7.0,0.0,0.0,12.8
ID,2020,0.0,0.3,19.3,81.7,6.8,0.0,0.0,12.3
ID,2021,0.0,0.3,20.4,160.7,7.1,0.0,0.0,13.0
ID,2022,0.0,0.2,20.8,343.0,7.4,0.0,0.0,13.2
ID,2023,0.0,0.1,21.3,307.3,8.1,0.0,0.0,13.1
IL,2016,1223.3,67.0,205.3,419.7,54.7,705.3,8.5,83.6
IL,2017,1109.7,65.4,203.7,471.9,54.2,751.1,8.0,84.2
IL,2018,1102.3,67.3,210.8,481.1,59.1,737.0,10.0,84.4
IL,2019,1003.9,56.5,201.4,518.7,61.9,691.8,8.7,83.1
IL,2020,502.6,37.4,168.0,547.0,60.7,666.8,4.7,69.9
IL,2021,772.6,50.0,183.1,738.0,57.0,667.5,11.3,76.2
IL,2022,815.7,47.5,183.5,1025.3,59.4,641.0,10.2,76.6
IL,2023,584.1,32.7,166.6,595.0,57.7,640.4,8.7,76.3
IN,2016,1748.9,90.2,181.0,533.4,40.4,0.0,16.0,50.4
IN,2017,1650.5,88.5,175.2,450.5,38.7,0.0,14.9,48.0
IN,2018,1748.9,93.9,188.5,675.0,46.2,0.0,20.2,48.5
IN,2019,1407.0,78.1,175.6,606.3,48.5,0.0,20.0,49.0
IN,2020,1092.4,63.7,153.8,497.8,45.4,0.0,13.5,44.7
IN,2021,1359.7,71.7,165.6,902.3,45.1,0.0,24.4,48.8
IN,2022,1601.2,68.5,163.5,1534.2,47.5,0.0,36.5,47.5
IN,2023,1387.6,58.3,153.9,807.3,47.9,0.0,25.0,47.7
KS,2016,425.9,24.2,62.3,71.0,14.3,56.8,4.0,23.8
KS,2017,367.9,20.7,58.7,79.3,14.5,71.2,9.2,23.6
KS,2018,384.0,21.8,62.6,94.2,16.7,56.0,11.2,24.1
KS,2019,316.9,18.9,60.3,79.9,16.6,55.1,15.1,24.7
KS,2020,299.0,18.6,57.5,63.7,15.6,62.4,10.6,23.3
KS,2021,312.3,21.0,59.6,223.3,15.1,55.1,31.1,23.5
KS,2022,422.9,21.7,62.3,222.5,16.5,59.3,32.2,24.1
KS,2023,308.7,17.7,57.8,127.5,16.1,66.5,18.5,24.1
KY,2016,1512.3,70.4,126.3,218.5,14.5,0.0,32.4,41.4
KY,2017,1227.1,61.1,116.3,309.1,15.4,0.0,21.2,39.8
KY,2018,1245.1,62.7,122.3,423.0,18.6,0.0,16.3,41.0
KY,2019,1064.1,54.9,114.3,379.7,18.8,0.0,14.3,40.6
KY,2020,865.8,46.2,100.9,307.3,18.0,0.0,10.8,36.7
KY,2021,1000.8,52.5,110.9,468.0,19.1,0.0,14.3,39.3
KY,2022,1194.1,50.1,109.8,933.9,21.0,0.0,32.4,38.6
KY,2023,1159.2,46.2,104.8,396.0,19.3,0.0,15.8,39.4
LA,2016,398.9,13.4,188.5,912.3,88.3,104.7,81.9,86.8
LA,2017,409.2,13.6,192.9,937.8,88.1,119.3,111.5,91.1
LA,2018,417.4,13.2,194.3,1023.7,95.8,130.5,126.6,85.3
LA,2019,272.2,8.7,194.8,952.3,101.0,93.8,68.0,85.1
LA,2020,217.3,4.7,182.8,821.6,98.9,98.1,60.9,79.2
LA,2021,468.5,9.2,188.1,1719.9,95.9,96.3,149.9,83.0
LA,2022,244.2,9.3,192.8,2629.6,107.5,92.5,185.7,76.0
LA,2023,160.4,5.6,183.8,1100.8,105.9,73.4,53.6,72.4
MA,2016,81.5,1.9,63.9,514.7,23.2,37.7,23.3,38.7
MA,2017,53.4,1.2,64.5,609.5,24.4,39.9,29.6,39.0
MA,2018,0.0,0.0,63.9,656.5,23.8,34.6,55.3,40.1
MA,2019,0.0,0.0,63.2,507.4,23.3,15.6,11.9,39.9
MA,2020,0.0,0.0,52.1,349.8,21.1,0.0,3.4,31.0
MA,2021,0.0,0.0,56.0,660.2,21.3,0.0,11.3,34.8
MA,2022,0.0,0.0,59.3,1397.9,22.8,0.0,137.8,36.5
MA,2023,0.0,0.0,56.8,813.3,20.4,0.0,20.2,36.5
MD,2016,429.6,15.6,60.2,147.0,12.1,109.6,21.5,32.5
MD,2017,252.8,10.2,54.8,185.1,12.3,112.9,17.4,32.3
MD,2018,284.3,11.9,61.5,390.7,16.5,106.3,49.2,33.1
MD,2019,178.6,7.4,56.7,312.9,16.4,101.7,14.6,32.9
MD,2020,96.8,4.8,47.8,235.9,15.5,97.7,11.7,27.5
MD,2021,144.1,6.6,52.3,445.9,15.8,114.1,17.8,29.9
MD,2022,163.7,5.9,50.6,833.7,16.4,90.9,48.4,28.3
MD,2023,77.3,2.9,48.6,283.1,16.1,92.2,23.1,29.7
ME,2016,7.2,0.2,16.1,73.6,2.8,0.0,11.2,13.0
ME,2017,7.4,0.2,15.3,51.5,2.3,0.0,17.5,12.7
ME,2018,6.1,0.2,14.7,67.5,2.5,0.0,24.8,12.0
ME,2019,5.7,0.2,14.4,42.1,2.4,0.0,5.5,11.8
ME,2020,4.1,0.2,13.4,32.6,2.4,0.0,4.5,10.8
ME,2021,6.3,0.2,14.4,114.3,3.0,0.0,8.3,11.2
ME,2022,5.8,0.1,15.0,230.0,3.3,0.0,68.6,11.6
ME,2023,7.0,0.1,15.6,194.8,3.2,0.0,17.1,12.3
MI,2016,974.2,44.9,154.0,682.2,48.6,241.2,24.5,60.4
MI,2017,969.8,47.6,155.2,702.3,47.7,231.7,33.9,60.0
MI,2018,961.4,48.3,163.3,864.7,53.1,201.6,41.7,61.9
MI,2019,832.7,42.7,158.7,759.2,55.4,200.0,29.3,60.6
MI,2020,614.1,31.9,136.4,644.0,52.8,162.3,22.6,51.7
MI,2021,804.1,41.6,147.4,1068.7,49.9,199.2,39.2,55.9
MI,2022,892.2,40.4,154.1,2203.4,57.2,145.5,51.6,56.5
MI,2023,618.0,27.4,141.1,1151.6,58.0,158.7,63.1,55.7
MN,2016,496.9,25.0,90.2,208.9,24.3,117.0,4.0,40.9
MN,2017,492.2,24.6,90.4,196.4,24.3,114.4,4.3,41.4
MN,2018,530.2,25.0,93.5,234.2,26.8,121.9,7.2,41.6
MN,2019,376.2,19.6,90.6,275.2,28.7,119.0,8.5,42.3
MN,2020,289.1,15.6,77.0,240.3,25.9,123.5,2.9,35.5
MN,2021,353.0,17.2,82.5,453.5,27.4,114.1,18.7,38.0
MN,2022,390.9,17.7,84.2,533.8,28.0,118.2,14.5,38.5
MN,2023,316.4,14.3,80.8,535.9,28.1,96.4,18.1,38.5
MO,2016,1164.2,61.1,118.5,153.5,14.3,87.6,9.8,43.0
MO,2017,1286.3,67.9,124.0,157.6,13.9,75.6,9.7,42.3
MO,2018,1168.1,63.9,124.4,214.4,17.3,95.1,18.0,43.1
MO,2019,942.6,55.9,116.6,172.5,17.2,79.3,17.7,43.5
MO,2020,828.9,52.8,108.3,156.0,15.9,68.1,9.7,39.6
MO,2021,987.4,59.1,116.5,545.9,15.4,57.6,43.3,42.1
MO,2022,1050.4,54.3,113.1,749.9,16.9,64.6,57.0,41.8
MO,2023,815.9,42.4,101.5,249.2,16.6,67.5,41.3,42.5
MS,2016,164.4,5.8,62.0,1058.2,29.4,30.5,1.8,26.7
MS,2017,143.1,5.1,60.2,1104.4,28.5,79.7,1.7,26.5
MS,2018,161.3,5.7,63.0,1213.0,31.0,72.0,4.2,26.2
MS,2019,148.5,4.9,62.3,1016.5,30.6,91.6,2.0,26.9
MS,2020,136.2,5.2,62.9,918.6,32.0,25.6,0.7,25.7
MS,2021,159.3,6.2,62.8,1417.2,30.2,64.8,1.1,26.4
MS,2022,253.4,6.3,65.0,2497.5,32.4,55.8,1.7,26.3
MS,2023,187.2,4.8,63.8,1140.4,33.1,79.8,1.2,26.0
MT,2016,261.2,15.5,31.1,9.8,4.1,0.0,13.7,11.6
MT,2017,266.6,14.9,31.2,8.6,4.3,0.0,18.7,12.0
MT,2018,297.7,14.6,31.2,6.9,4.7,0.0,21.2,11.9
MT,2019,303.4,15.2,32.3,9.0,4.8,0.0,15.3,12.2
MT,2020,216.4,9.5,26.2,6.2,4.6,0.0,13.5,12.2
MT,2021,273.7,11.8,28.4,19.6,4.5,0.0,27.9,12.1
MT,2022,269.5,12.6,29.6,33.4,4.9,0.0,41.4,12.1
MT,2023,302.6,12.5,29.4,24.8,5.1,0.0,37.7,11.9
NC,2016,1131.6,36.5,124.4,1116.2,28.4,283.5,29.1,59.5
NC,2017,996.2,33.5,120.6,1161.5,27.3,297.0,35.0,59.8
NC,2018,985.4,31.1,123.8,1462.4,31.5,271.1,118.8,61.2
NC,2019,859.7,30.4,122.3,1120.6,29.9,260.7,29.1,62.0
NC,2020,542.8,21.4,106.2,1016.3,29.2,263.5,14.1,55.5
NC,2021,564.9,21.3,115.3,1641.7,33.5,361.7,32.7,60.5
NC,2022,539.9,15.6,116.9,3494.4,39.3,249.5,74.2,62.0
NC,2023,693.2,14.7,111.4,2209.5,34.8,244.6,24.0,61.9
ND,2016,464.4,37.7,54.5,30.5,5.5,0.0,3.2,11.3
ND,2017,480.5,38.0,56.4,28.9,5.8,0.0,5.0,12.6
ND,2018,481.3,39.0,58.8,29.8,6.7,0.0,6.6,13.1
ND,2019,468.2,35.6,56.7,48.6,8.2,0.0,5.7,13.0
ND,2020,445.3,34.8,55.5,45.2,9.4,0.0,3.8,11.3
ND,2021,445.0,34.7,56.2,46.1,9.9,0.0,6.3,11.6
ND,2022,474.1,35.4,57.4,44.8,10.3,0.0,8.8,11.7
ND,2023,476.7,31.2,54.3,104.2,11.4,0.0,13.1,11.7
NE,2016,296.9,23.0,48.1,19.2,8.9,66.7,1.0,16.2
NE,2017,291.9,22.4,47.6,26.1,9.1,54.6,1.2,16.1
NE,2018,308.3,25.3,52.1,34.7,10.2,43.9,3.4,16.7
NE,2019,275.0,23.0,50.3,38.0,10.3,49.8,3.6,17.0
NE,2020,245.8,20.5,46.3,27.3,10.0,41.9,2.7,15.9
NE,2021,234.2,20.7,47.1,151.0,9.9,43.9,13.1,16.5
NE,2022,266.2,21.4,48.2,112.3,10.3,37.7,11.1,16.5
NE,2023,244.9,18.7,45.6,44.8,10.7,47.4,12.1,16.2
NH,2016,21.5,0.5,13.8,141.6,3.1,79.9,2.7,10.1
NH,2017,15.7,0.3,13.5,114.0,2.8,74.7,11.1,10.3
NH,2018,30.2,0.7,14.2,132.2,2.7,71.4,21.2,10.7
NH,2019,14.0,0.4,13.9,197.4,2.9,73.9,2.7,10.6
NH,2020,4.7,0.1,12.4,85.1,2.8,63.9,3.8,9.5
NH,2021,13.0,0.3,13.3,145.1,3.2,75.0,7.7,9.8
NH,2022,17.6,0.4,13.8,291.2,3.2,67.1,79.6,10.3
NH,2023,9.9,0.2,13.5,181.3,3.1,58.6,10.9,10.2
NJ,2016,56.0,1.7,105.1,719.4,41.9,215.5,3.8,61.6
NJ,2017,52.3,1.6,98.9,780.1,38.7,261.2,4.5,58.6
NJ,2018,58.7,1.6,104.7,907.2,42.2,236.0,23.2,60.9
NJ,2019,42.4,1.3,100.5,845.0,41.7,183.9,6.0,57.5
NJ,2020,34.2,1.2,83.5,418.4,35.8,176.3,1.9,46.5
NJ,2021,39.8,1.2,88.7,829.3,36.7,203.1,3.4,50.8
NJ,2022,32.3,0.6,92.7,1813.6,39.8,179.2,21.4,52.3
NJ,2023,0.0,0.0,91.2,523.8,38.0,181.2,5.1,53.2
NM,2016,370.6,18.8,48.7,249.5,13.5,0.0,6.6,16.4
NM,2017,387.4,19.0,49.5,270.1,13.0,0.0,6.7,17.4
NM,2018,335.2,13.1,45.7,249.0,14.7,0.0,4.7,17.9
NM,2019,373.4,14.5,48.8,134.5,15.9,0.0,76.9,18.3
NM,2020,349.3,13.3,45.0,164.7,15.2,0.0,5.1,16.5
NM,2021,344.7,12.8,45.8,459.1,14.9,0.0,7.7,18.2
NM,2022,399.8,13.2,46.6,600.8,15.7,0.0,6.8,17.7
NM,2023,263.6,7.2,42.2,320.4,17.5,0.0,21.5,17.4
NV,2016,49.1,2.9,40.0,633.9,16.7,0.0,1.5,20.3
NV,2017,66.2,2.6,40.2,689.9,16.1,0.0,1.3,21.5
NV,2018,86.5,3.3,41.4,655.5,16.4,0.0,2.3,21.6
NV,2019,84.2,3.6,41.7,618.1,16.7,0.0,2.3,21.5
NV,2020,51.2,2.7,36.2,558.8,16.4,0.0,1.1,17.1
NV,2021,70.8,3.4,39.5,917.3,16.1,0.0,1.7,19.9
NV,2022,101.8,3.4,40.5,1544.0,16.0,0.0,3.0,21.1
NV,2023,128.2,2.8,39.3,1347.3,15.9,0.0,2.8,20.6
NY,2016,37.1,2.8,169.4,1303.9,70.5,299.0,48.7,96.0
NY,2017,14.7,1.9,165.1,1333.8,67.4,324.6,57.8,95.9
NY,2018,18.1,1.6,174.1,1608.0,73.5,319.8,187.9,99.0
NY,2019,10.8,1.3,168.2,1154.6,70.6,313.1,57.6,96.3
NY,2020,3.4,0.5,142.7,927.2,68.9,255.4,21.4,73.3
NY,2021,0.0,0.5,157.6,1811.8,71.7,208.3,87.1,85.4
NY,2022,0.0,0.6,166.2,3523.4,74.1,177.1,344.1,91.5
NY,2023,0.0,0.5,164.9,1425.6,71.1,185.2,68.8,93.3
OH,2016,1464.2,78.5,204.5,501.6,51.9,120.1,42.7,74.0
OH,2017,1344.0,77.2,204.3,636.9,53.0,136.4,46.0,74.1
OH,2018,1066.7,68.3,208.2,1065.6,64.7,137.6,65.7,75.3
OH,2019,860.5,56.4,196.1,939.0,66.0,118.8,41.9,73.7
OH,2020,819.3,53.0,185.0,742.3,64.6,121.2,33.1,67.4
OH,2021,782.1,54.8,193.4,1516.1,67.8,121.1,47.4,70.8
OH,2022,1258.2,51.4,196.3,3075.4,74.5,109.3,141.8,70.4
OH,2023,847.9,39.3,184.2,1262.2,75.9,105.4,66.0,69.0
OK,2016,403.3,21.2,95.5,800.5,38.3,0.0,2.2,36.0
OK,2017,347.3,19.0,92.9,757.0,36.0,0.0,2.3,38.0
OK,2018,291.0,16.4,98.1,919.1,43.9,0.0,2.9,37.8
OK,2019,154.2,9.0,91.1,855.3,45.5,0.0,2.9,36.6
OK,2020,107.1,6.8,83.8,805.8,44.0,0.0,2.5,33.0
OK,2021,223.3,12.6,87.5,3385.2,38.8,0.0,6.1,36.1
OK,2022,265.1,10.2,86.8,2230.9,40.2,0.0,7.6,36.4
OK,2023,137.2,6.1,86.9,1096.6,44.8,0.0,4.8,36.0
OR,2016,43.7,1.9,37.2,263.0,13.1,0.0,0.5,22.2
OR,2017,41.2,1.8,38.3,268.7,13.8,0.0,1.3,22.7
OR,2018,36.3,1.6,39.0,289.8,14.2,0.0,0.9,23.2
OR,2019,59.6,2.6,41.2,334.3,15.9,0.0,1.0,22.7
OR,2020,37.0,1.7,36.8,276.9,14.8,0.0,0.3,20.2
OR,2021,0.0,0.1,38.0,543.7,16.0,0.0,0.0,21.8
OR,2022,0.0,0.1,37.3,797.2,15.6,0.0,0.3,21.6
OR,2023,0.0,0.1,38.9,881.3,17.2,0.0,0.0,21.6
PA,2016,1089.8,69.7,217.3,972.2,70.8,588.2,34.5,76.8
PA,2017,942.9,63.5,214.7,1395.3,73.4,647.7,41.7,77.8
PA,2018,976.6,61.0,219.6,1707.1,79.2,635.1,122.1,79.4
PA,2019,749.9,53.8,218.3,1634.2,87.8,588.4,31.1,76.7
PA,2020,442.0,35.4,192.8,1401.1,93.3,513.3,9.6,64.0
PA,2021,923.5,45.9,213.9,2923.2,97.7,502.1,21.2,70.3
PA,2022,855.5,41.1,213.8,5579.5,101.3,503.0,83.5,71.4
PA,2023,352.1,28.9,200.9,2032.1,101.4,505.1,14.4,70.6
RI,2016,0.0,0.0,9.5,163.2,4.7,0.0,2.4,4.8
RI,2017,0.0,0.0,9.8,184.5,5.0,0.0,6.4,4.8
RI,2018,0.0,0.0,10.9,241.1,5.5,0.0,10.4,5.4
RI,2019,0.0,0.0,10.2,170.6,5.2,0.0,1.3,5.0
RI,2020,0.0,0.0,9.7,139.6,5.3,0.0,0.3,4.4
RI,2021,0.0,0.0,10.6,278.0,5.6,0.0,1.6,5.0
RI,2022,0.0,0.0,10.1,434.2,4.9,0.0,12.0,5.2
RI,2023,0.0,0.0,11.1,267.2,5.9,0.0,5.2,5.2
SC,2016,681.3,21.2,71.9,450.2,14.8,399.5,10.8,35.8
SC,2017,614.2,18.4,69.6,490.2,15.0,395.9,13.6,36.2
SC,2018,665.1,19.6,73.8,744.4,17.7,359.0,58.0,36.5
SC,2019,501.1,15.4,69.1,596.1,18.2,363.4,12.5,35.6
SC,2020,419.0,13.1,63.3,510.3,18.0,350.5,7.6,32.2
SC,2021,463.2,15.6,69.0,774.0,18.3,564.1,13.8,35.2
SC,2022,525.5,14.5,67.4,1387.0,18.9,325.2,55.3,34.1
SC,2023,573.3,15.6,68.8,746.2,18.1,321.5,21.3,35.1
SD,2016,52.2,2.5,14.7,19.4,4.4,0.0,0.6,7.8
SD,2017,49.1,2.5,14.6,18.6,4.4,0.0,1.0,7.7
SD,2018,46.0,2.6,15.4,27.7,4.9,0.0,2.0,7.9
SD,2019,49.5,3.0,15.9,25.0,5.0,0.0,2.7,7.9
SD,2020,34.5,2.1,14.9,23.0,4.7,0.0,0.9,8.1
SD,2021,34.2,2.1,15.1,42.0,5.0,0.0,7.9,8.0
SD,2022,42.7,2.4,15.4,57.3,5.1,0.0,5.9,8.0
SD,2023,40.5,2.1,15.1,50.3,5.2,0.0,7.7,7.7
TN,2016,734.8,36.3,100.9,228.9,17.5,219.6,14.2,47.0
TN,2017,671.7,32.0,96.9,230.5,17.2,237.8,17.3,47.7
TN,2018,465.1,24.1,93.4,326.8,21.1,256.7,21.1,48.2
TN,2019,394.9,20.7,91.9,338.4,21.9,242.0,22.2,49.2
TN,2020,280.1,16.9,82.9,256.2,20.8,237.8,12.4,45.3
TN,2021,377.6,21.6,92.2,358.8,21.5,269.0,24.3,49.0
TN,2022,618.3,19.6,91.3,722.1,22.9,218.8,56.9,48.8
TN,2023,613.9,19.4,88.5,291.3,20.7,233.3,28.5,48.5
TX,2016,2361.2,126.4,653.5,4096.0,215.1,312.4,9.3,312.0
TX,2017,2510.7,138.8,662.0,4358.1,206.4,288.4,9.8,316.7
TX,2018,2070.7,113.8,681.9,5211.0,238.2,292.2,10.1,329.9
TX,2019,1956.0,94.9,681.7,4271.4,248.7,279.8,7.8,338.1
TX,2020,1766.3,83.6,625.5,3720.9,247.9,268.6,5.6,294.0
TX,2021,2081.8,92.8,662.8,14914.8,247.2,306.1,32.4,322.8
TX,2022,2128.5,89.3,666.1,11969.3,259.6,255.5,82.4,317.1
TX,2023,1668.9,77.2,669.9,5206.4,274.1,250.2,58.1,318.6
UT,2016,496.5,25.7,58.8,163.6,13.1,0.0,3.7,20.0
UT,2017,516.5,26.3,59.0,140.9,12.1,0.0,5.6,20.6
UT,2018,534.9,26.1,61.2,197.6,13.3,0.0,7.1,21.8
UT,2019,508.1,25.5,61.4,215.6,14.5,0.0,6.7,21.4
UT,2020,483.3,23.4,57.3,176.8,14.0,0.0,5.2,19.9
UT,2021,533.3,26.5,62.1,352.4,14.4,0.0,7.4,21.2
UT,2022,496.7,22.8,60.2,685.4,15.1,0.0,9.2,22.3
UT,2023,419.9,16.7,55.0,729.2,15.7,0.0,7.9,22.6
VA,2016,508.3,21.2,109.6,955.1,30.1,202.8,51.7,58.3
VA,2017,315.9,15.2,105.1,1090.0,31.3,211.0,49.9,58.6
VA,2018,281.8,14.2,109.6,1553.0,35.1,191.7,111.8,60.4
VA,2019,117.5,8.0,106.4,1351.1,37.7,181.8,27.9,60.6
VA,2020,98.8,7.1,97.8,1119.6,39.3,178.7,25.6,51.3
VA,2021,75.9,6.5,98.1,1573.4,36.8,166.5,41.7,54.9
VA,2022,110.8,6.4,96.4,2601.8,35.0,168.7,126.4,55.0
VA,2023,78.4,4.4,94.6,1240.6,34.5,182.6,25.2,55.7
VT,2016,0.0,0.0,5.9,0.0,0.7,0.0,0.4,5.2
VT,2017,0.0,0.0,5.8,0.0,0.6,0.0,1.2,5.2
VT,2018,0.0,0.0,5.8,0.0,0.7,0.0,0.7,5.1
VT,2019,0.0,0.0,6.0,0.0,0.8,0.0,0.3,5.2
VT,2020,0.0,0.0,5.4,0.0,0.7,0.0,0.3,4.7
VT,2021,0.0,0.0,5.5,0.0,0.7,0.0,0.6,4.8
VT,2022,0.0,0.0,5.5,0.1,0.7,0.0,1.4,4.8
VT,2023,0.0,0.0,5.4,0.0,0.7,0.0,0.7,4.7
WA,2016,115.5,5.1,79.1,299.9,17.0,67.1,1.7,57.0
WA,2017,139.8,5.9,78.9,293.5,18.4,64.2,2.8,54.6
WA,2018,140.1,5.9,78.4,245.2,17.5,75.6,2.6,55.0
WA,2019,180.2,7.7,84.0,382.2,19.8,63.5,2.1,56.4
WA,2020,126.3,5.7,68.2,293.8,18.7,63.8,1.8,43.8
WA,2021,99.2,3.5,73.5,491.5,20.2,54.3,2.1,49.8
WA,2022,130.0,4.0,74.9,700.3,20.0,66.2,6.3,50.8
WA,2023,182.2,4.7,76.3,851.7,21.2,57.7,6.3,50.4
WI,2016,747.9,34.1,95.2,338.0,26.2,75.4,6.7,34.9
WI,2017,816.8,37.2,98.3,349.2,26.4,72.1,8.3,34.8
WI,2018,779.9,34.6,100.8,424.7,29.5,71.9,10.9,36.7
WI,2019,582.7,26.8,94.6,414.1,31.0,68.0,11.6,36.8
WI,2020,463.3,23.9,86.8,396.0,29.9,63.3,5.2,33.0
WI,2021,567.9,27.5,92.4,571.7,29.4,75.9,46.1,35.6
WI,2022,542.9,22.3,90.8,1047.8,32.6,61.9,18.0,35.9
WI,2023,527.6,21.1,86.2,730.9,29.6,59.6,24.2,35.6
WV,2016,1619.7,71.8,94.3,26.7,9.7,0.0,14.2,12.7
WV,2017,1502.8,67.9,90.7,33.7,10.3,0.0,15.8,12.5
WV,2018,1323.8,63.2,89.0,37.1,11.4,0.0,27.7,14.3
WV,2019,1237.4,59.4,85.3,38.5,12.4,0.0,20.5,13.6
WV,2020,1025.3,51.6,76.7,35.7,13.6,0.0,18.0,11.5
WV,2021,1168.5,60.6,88.2,87.2,14.3,0.0,28.5,13.3
WV,2022,1193.6,51.4,79.1,121.2,14.5,0.0,43.0,13.2
WV,2023,1308.3,45.3,74.6,64.6,15.9,0.0,37.6,13.4
WY,2016,712.4,43.7,61.2,14.4,6.8,0.0,4.9,10.7
WY,2017,710.1,43.8,62.8,5.3,8.1,0.0,6.2,10.8
WY,2018,712.9,43.6,63.8,7.4,9.0,0.0,6.9,11.2
WY,2019,617.4,39.2,59.0,10.6,8.8,0.0,6.8,10.9
WY,2020,618.4,37.2,55.5,13.6,8.7,0.0,5.6,9.7
WY,2021,593.4,36.1,54.5,48.8,8.3,0.0,11.3,10.1
WY,2022,594.0,37.4,56.3,86.2,8.9,0.0,14.2,10.0
WY,2023,642.3,35.1,54.3,103.7,9.3,0.0,10.6,9.9
