State,Year,Price ($/MWh)
AL,2015,60.7525
AL,2016,51.52
AL,2017,36.152
AL,2018,28.674
AL,2019,25.12555555555555
AL,2020,27.4775
AL,2021,27.045
AL,2022,31.01
AL,2023,46.27
AL,2024,
AR,2015,56.3
AR,2016,
AR,2017,33.553333333333335
AR,2018,52.657777777777774
AR,2019,43.309
AR,2020,32.802
AR,2021,29.088
AR,2022,43.7
AR,2023,47.09
AR,2024,48.63
AZ,2015,47.28928571428571
AZ,2016,41.1525
AZ,2017,33.92666666666667
AZ,2018,24.66478260869565
AZ,2019,22.132777777777775
AZ,2020,23.47
AZ,2021,20.53
AZ,2022,28.02125
AZ,2023,28.528
AZ,2024,26.796666666666667
CA,2015,57.96142857142858
CA,2016,38.28181818181818
CA,2017,33.72
CA,2018,32.146
CA,2019,23.25
CA,2020,27.54384615384615
CA,2021,23.05
CA,2022,27.3175
CA,2023,
CA,2024,35.91
CO,2015,47.28928571428571
CO,2016,41.1525
CO,2017,33.92666666666667
CO,2018,24.66478260869565
CO,2019,22.132777777777775
CO,2020,23.47
CO,2021,20.53
CO,2022,28.02125
CO,2023,28.528
CO,2024,26.796666666666667
CT,2015,
CT,2016,
CT,2017,82.18875
CT,2018,
CT,2019,45.04
CT,2020,44.66
CT,2021,
CT,2022,62.06
CT,2023,
CT,2024,
DC,2015,75.07
DC,2016,50.153333333333336
DC,2017,90.225
DC,2018,34.21666666666667
DC,2019,31.203333333333333
DC,2020,32.08857142857143
DC,2021,43.12
DC,2022,48.086
DC,2023,
DC,2024,
DE,2015,75.07
DE,2016,50.153333333333336
DE,2017,90.225
DE,2018,34.21666666666667
DE,2019,31.203333333333333
DE,2020,32.08857142857143
DE,2021,43.12
DE,2022,48.086
DE,2023,
DE,2024,
FL,2015,60.7525
FL,2016,51.52
FL,2017,36.152
FL,2018,28.674
FL,2019,25.12555555555555
FL,2020,27.4775
FL,2021,27.045
FL,2022,31.01
FL,2023,46.27
FL,2024,
GA,2015,60.7525
GA,2016,51.52
GA,2017,36.152
GA,2018,28.674
GA,2019,25.12555555555555
GA,2020,27.4775
GA,2021,27.045
GA,2022,31.01
GA,2023,46.27
GA,2024,
HI,2015,142.39
HI,2016,
HI,2017,101.63
HI,2018,
HI,2019,
HI,2020,
HI,2021,
HI,2022,
HI,2023,
HI,2024,
IA,2015,56.3
IA,2016,
IA,2017,33.553333333333335
IA,2018,52.657777777777774
IA,2019,43.309
IA,2020,32.802
IA,2021,29.088
IA,2022,43.7
IA,2023,47.09
IA,2024,48.63
ID,2015,47.28928571428571
ID,2016,41.1525
ID,2017,33.92666666666667
ID,2018,24.66478260869565
ID,2019,22.132777777777775
ID,2020,23.47
ID,2021,20.53
ID,2022,28.02125
ID,2023,28.528
ID,2024,26.796666666666667
IL,2015,67.49374999999999
IL,2016,50.153333333333336
IL,2017,61.88916666666667
IL,2018,37.49111111111111
IL,2019,36.105666666666664
IL,2020,32.44528571428572
IL,2021,37.938
IL,2022,53.078
IL,2023,47.09
IL,2024,48.63
IN,2015,67.49374999999999
IN,2016,50.153333333333336
IN,2017,61.88916666666667
IN,2018,37.49111111111111
IN,2019,36.105666666666664
IN,2020,32.44528571428572
IN,2021,37.938
IN,2022,53.078
IN,2023,47.09
IN,2024,48.63
KS,2015,52.6825
KS,2016,
KS,2017,
KS,2018,64.55
KS,2019,45.61
KS,2020,
KS,2021,25.42
KS,2022,29.33
KS,2023,
KS,2024,
KY,2015,67.49374999999999
KY,2016,50.153333333333336
KY,2017,61.88916666666667
KY,2018,37.49111111111111
KY,2019,36.105666666666664
KY,2020,32.44528571428572
KY,2021,37.938
KY,2022,53.078
KY,2023,47.09
KY,2024,48.63
LA,2015,56.3
LA,2016,
LA,2017,33.553333333333335
LA,2018,52.657777777777774
LA,2019,43.309
LA,2020,32.802
LA,2021,29.088
LA,2022,43.7
LA,2023,47.09
LA,2024,48.63
MA,2015,
MA,2016,
MA,2017,82.18875
MA,2018,
MA,2019,45.04
MA,2020,44.66
MA,2021,
MA,2022,62.06
MA,2023,
MA,2024,
MD,2015,75.07
MD,2016,50.153333333333336
MD,2017,90.225
MD,2018,34.21666666666667
MD,2019,31.203333333333333
MD,2020,32.08857142857143
MD,2021,43.12
MD,2022,48.086
MD,2023,
MD,2024,
ME,2015,
ME,2016,
ME,2017,82.18875
ME,2018,
ME,2019,45.04
ME,2020,44.66
ME,2021,
ME,2022,62.06
ME,2023,
ME,2024,
MI,2015,67.49374999999999
MI,2016,50.153333333333336
MI,2017,61.88916666666667
MI,2018,37.49111111111111
MI,2019,36.105666666666664
MI,2020,32.44528571428572
MI,2021,37.938
MI,2022,53.078
MI,2023,47.09
MI,2024,48.63
MN,2015,56.3
MN,2016,
MN,2017,33.553333333333335
MN,2018,52.657777777777774
MN,2019,43.309
MN,2020,32.802
MN,2021,29.088
MN,2022,43.7
MN,2023,47.09
MN,2024,48.63
MO,2015,56.3
MO,2016,
MO,2017,33.553333333333335
MO,2018,52.657777777777774
MO,2019,43.309
MO,2020,32.802
MO,2021,29.088
MO,2022,43.7
MO,2023,47.09
MO,2024,48.63
MS,2015,60.334999999999994
MS,2016,51.52
MS,2017,34.852666666666664
MS,2018,34.71977777777778
MS,2019,33.06677777777777
MS,2020,30.13975
MS,2021,29.9005
MS,2022,44.54
MS,2023,46.68000000000001
MS,2024,48.63
MT,2015,53.29642857142857
MT,2016,41.1525
MT,2017,33.74
MT,2018,43.32677938808373
MT,2019,36.25025925925926
MT,2020,28.136
MT,2021,26.235333333333333
MT,2022,38.473749999999995
MT,2023,37.809
MT,2024,37.71333333333334
NC,2015,67.91125
NC,2016,50.83666666666667
NC,2017,63.1885
NC,2018,31.445333333333334
NC,2019,28.16444444444444
NC,2020,29.783035714285713
NC,2021,35.082499999999996
NC,2022,39.548
NC,2023,46.27
NC,2024,
ND,2015,56.3
ND,2016,
ND,2017,33.553333333333335
ND,2018,52.657777777777774
ND,2019,43.309
ND,2020,32.802
ND,2021,29.088
ND,2022,43.7
ND,2023,47.09
ND,2024,48.63
NE,2015,52.6825
NE,2016,
NE,2017,
NE,2018,64.55
NE,2019,45.61
NE,2020,
NE,2021,25.42
NE,2022,29.33
NE,2023,
NE,2024,
NH,2015,
NH,2016,
NH,2017,82.18875
NH,2018,
NH,2019,45.04
NH,2020,44.66
NH,2021,
NH,2022,62.06
NH,2023,
NH,2024,
NJ,2015,75.07
NJ,2016,50.153333333333336
NJ,2017,90.225
NJ,2018,34.21666666666667
NJ,2019,31.203333333333333
NJ,2020,32.08857142857143
NJ,2021,43.12
NJ,2022,48.086
NJ,2023,
NJ,2024,
NM,2015,49.98589285714286
NM,2016,41.1525
NM,2017,33.92666666666667
NM,2018,44.60739130434782
NM,2019,33.87138888888889
NM,2020,23.47
NM,2021,22.975
NM,2022,28.675624999999997
NM,2023,28.528
NM,2024,26.796666666666667
NV,2015,47.28928571428571
NV,2016,41.1525
NV,2017,33.92666666666667
NV,2018,24.66478260869565
NV,2019,22.132777777777775
NV,2020,23.47
NV,2021,20.53
NV,2022,28.02125
NV,2023,28.528
NV,2024,26.796666666666667
NY,2015,
NY,2016,92.1525
NY,2017,
NY,2018,75.356
NY,2019,59.945
NY,2020,122.5
NY,2021,
NY,2022,
NY,2023,64.483
NY,2024,78.23157894736842
OH,2015,75.07
OH,2016,50.153333333333336
OH,2017,90.225
OH,2018,34.21666666666667
OH,2019,31.203333333333333
OH,2020,32.08857142857143
OH,2021,43.12
OH,2022,48.086
OH,2023,
OH,2024,
OK,2015,52.6825
OK,2016,
OK,2017,
OK,2018,64.55
OK,2019,45.61
OK,2020,
OK,2021,25.42
OK,2022,29.33
OK,2023,
OK,2024,
OR,2015,47.28928571428571
OR,2016,41.1525
OR,2017,33.92666666666667
OR,2018,24.66478260869565
OR,2019,22.132777777777775
OR,2020,23.47
OR,2021,20.53
OR,2022,28.02125
OR,2023,28.528
OR,2024,26.796666666666667
PA,2015,75.07
PA,2016,50.153333333333336
PA,2017,90.225
PA,2018,34.21666666666667
PA,2019,31.203333333333333
PA,2020,32.08857142857143
PA,2021,43.12
PA,2022,48.086
PA,2023,
PA,2024,
RI,2015,
RI,2016,
RI,2017,82.18875
RI,2018,
RI,2019,45.04
RI,2020,44.66
RI,2021,
RI,2022,62.06
RI,2023,
RI,2024,
SC,2015,60.7525
SC,2016,51.52
SC,2017,36.152
SC,2018,28.674
SC,2019,25.12555555555555
SC,2020,27.4775
SC,2021,27.045
SC,2022,31.01
SC,2023,46.27
SC,2024,
SD,2015,56.3
SD,2016,
SD,2017,33.553333333333335
SD,2018,52.657777777777774
SD,2019,43.309
SD,2020,32.802
SD,2021,29.088
SD,2022,43.7
SD,2023,47.09
SD,2024,48.63
TN,2015,67.91125
TN,2016,50.83666666666667
TN,2017,63.1885
TN,2018,31.445333333333334
TN,2019,28.16444444444444
TN,2020,29.783035714285713
TN,2021,35.082499999999996
TN,2022,39.548
TN,2023,46.27
TN,2024,
TX,2015,51.339999999999996
TX,2016,36.79
TX,2017,32.13166666666667
TX,2018,46.04851851851851
TX,2019,43.309
TX,2020,32.802
TX,2021,29.088
TX,2022,43.7
TX,2023,47.09
TX,2024,48.63
UT,2015,47.28928571428571
UT,2016,41.1525
UT,2017,33.92666666666667
UT,2018,24.66478260869565
UT,2019,22.132777777777775
UT,2020,23.47
UT,2021,20.53
UT,2022,28.02125
UT,2023,28.528
UT,2024,26.796666666666667
VA,2015,75.07
VA,2016,50.153333333333336
VA,2017,90.225
VA,2018,34.21666666666667
VA,2019,31.203333333333333
VA,2020,32.08857142857143
VA,2021,43.12
VA,2022,48.086
VA,2023,
VA,2024,
VT,2015,
VT,2016,
VT,2017,82.18875
VT,2018,
VT,2019,45.04
VT,2020,44.66
VT,2021,
VT,2022,62.06
VT,2023,
VT,2024,
WA,2015,47.28928571428571
WA,2016,41.1525
WA,2017,33.92666666666667
WA,2018,24.66478260869565
WA,2019,22.132777777777775
WA,2020,23.47
WA,2021,20.53
WA,2022,28.02125
WA,2023,28.528
WA,2024,26.796666666666667
WI,2015,59.9175
WI,2016,
WI,2017,33.553333333333335
WI,2018,40.76555555555555
WI,2019,41.008
WI,2020,32.802
WI,2021,32.756
WI,2022,58.07
WI,2023,47.09
WI,2024,48.63
WV,2015,75.07
WV,2016,50.153333333333336
WV,2017,90.225
WV,2018,34.21666666666667
WV,2019,31.203333333333333
WV,2020,32.08857142857143
WV,2021,43.12
WV,2022,48.086
WV,2023,
WV,2024,
WY,2015,47.28928571428571
WY,2016,41.1525
WY,2017,33.92666666666667
WY,2018,24.66478260869565
WY,2019,22.132777777777775
WY,2020,23.47
WY,2021,20.53
WY,2022,28.02125
WY,2023,28.528
WY,2024,26.796666666666667
