Year,State,fueltypeid,fuelTypeDescription,Ash Content (%),Generation (Thousands of MWh),Sulfur Content (%),Total Consumption (millions of MMBtu),Cost ($/MWh),Raw Cost (Millions of $)
2023,SD,COW,all coal products,5.14,1562.74207,0.31,17.95756,,40.5
2023,TX,NUC,nuclear,,40679.87,,425.17591,,250.2
2023,ME,PET,petroleum,,67.15373,0.43,1.41782,,17.1
2023,IL,PET,petroleum,,26.28754,,0.37522,,8.7
2023,RI,TSN,estimated total solar,,1026.60855,,,,
2023,RI,NG,natural gas,,9553.67609,,75.40647,,267.2
2023,PA,COW,all coal products,26.66,12834.82793,2.13,154.98903,,352.1
2023,TX,TSN,estimated total solar,,32324.7469,,,47.09,
2023,TN,TSN,estimated total solar,,1033.96583,,,46.27,
2023,TN,COW,all coal products,7.87,15792.90869,1.95,189.18989,,613.9
2023,WA,NUC,nuclear,,8435.018,,88.16072,,57.7
2023,WY,NG,natural gas,,2129.47819,,28.64988,,103.7
2023,DC,NG,natural gas,,89.20979,,1.38144,,0.0
2023,MA,PET,petroleum,,97.47643,0.3,1.31909,,20.2
2023,MA,NG,natural gas,,14774.02529,,125.68582,,813.3
2023,NH,TSN,estimated total solar,,302.48812,,,,
2023,NV,WNT,onshore wind turbine,,291.247,,0.99374,27.0,
2023,NV,NG,natural gas,,24599.32648,,191.0455,,1347.3
2023,NV,COW,all coal products,5.84,2059.63557,0.4,24.91511,,128.2
2023,NM,TSN,estimated total solar,,3314.1637,,,28.528,
2023,NY,TSN,estimated total solar,,6204.58863,,,64.483,
2023,NC,COW,all coal products,9.78,14204.64671,1.72,152.64404,,693.2
2023,VT,WNT,onshore wind turbine,,339.614,,1.15876,,
2023,DE,PET,petroleum,,-1.89086,,0.21494,,4.3
2023,SC,COW,all coal products,9.33,15150.42088,2.0,161.26932,,573.3
2023,ND,NG,natural gas,,2833.41803,,31.897,,104.2
2023,NC,NG,natural gas,,51788.03063,,423.40066,,2209.5
2023,DC,PET,petroleum,,0.05358,,0.00072,,0.0
2023,NY,WNT,onshore wind turbine,,4799.69792,,16.37657,64.66666666666667,
2023,UT,TSN,estimated total solar,,4834.71443,,,28.528,
2023,UT,PET,petroleum,,29.28454,,0.32364,,7.9
2023,VT,TSN,estimated total solar,,430.4843,,,,
2023,PA,WNT,onshore wind turbine,,3258.324,,11.1174,,
2023,PA,NG,natural gas,,139256.04731,,1023.06769,,2032.1
2023,OH,TSN,estimated total solar,,1799.89172,,,,
2023,MS,TSN,estimated total solar,,656.16677,,,46.68000000000001,
2023,MS,NG,natural gas,,55167.57231,,424.64821,,1140.4
2023,WI,WNT,onshore wind turbine,,1737.844,,5.92953,33.0,
2023,ID,PET,petroleum,,0.12339,,0.0016,,0.0
2023,ID,NG,natural gas,,5686.22443,,56.73508,,307.3
2023,ND,WNT,onshore wind turbine,,14476.709,,49.39453,33.0,
2023,ND,COW,all coal products,9.66,22525.07552,0.73,261.6282,,476.7
2023,VA,PET,petroleum,,134.54548,0.21,3.14837,,25.2
2023,VA,COW,all coal products,17.49,1415.02692,1.05,18.7517,,78.4
2023,CO,COW,all coal products,6.93,18787.6167,0.34,201.86808,,426.3
2023,MS,NUC,nuclear,,11749.621,,122.80413,,79.8
2023,WA,TSN,estimated total solar,,882.67969,,,28.528,
2023,WI,NG,natural gas,,25621.19398,,213.0315,,730.9
2023,SD,TSN,estimated total solar,,50.22785,,,47.09,
2023,SD,NG,natural gas,,2115.78026,,21.90664,,50.3
2023,NE,NUC,nuclear,,6926.053,,72.38939,,47.4
2023,AL,TSN,estimated total solar,,1222.82361,,,46.27,
2023,AK,TSN,estimated total solar,,18.49755,,,,
2023,OK,PET,petroleum,,19.72744,,0.23934,,4.8
2023,DE,WNT,onshore wind turbine,,4.165,,0.01421,,
2023,FL,TSN,estimated total solar,,17804.32577,,,46.27,
2023,KY,COW,all coal products,8.85,43447.44888,2.43,464.31623,,1159.2
2023,CA,PET,petroleum,,75.04108,,0.92435,,8.4
2023,CA,NUC,nuclear,,17718.368,,185.18799,,106.3
2023,CA,NG,natural gas,,94390.15321,,784.85706,,5455.5
2023,MD,NUC,nuclear,,14983.751,,156.60645,,92.2
2023,UT,WNT,onshore wind turbine,,683.468,,2.332,27.0,
2023,UT,NG,natural gas,,11834.24662,,94.23623,,729.2
2023,AK,COW,all coal products,6.8,730.68146,0.12,14.93361,,49.4
2023,TN,NUC,nuclear,,37937.437,,396.51268,,233.3
2023,AL,NUC,nuclear,,45579.039,,476.38082,,312.3
2023,AK,PET,petroleum,,885.27548,,8.75927,,132.1
2023,TN,PET,petroleum,,102.04408,,1.38991,,28.5
2023,WA,WNT,onshore wind turbine,,7549.639,,25.75937,27.0,
2023,NE,COW,all coal products,4.83,17916.482,0.27,194.10765,,244.9
2023,VA,NUC,nuclear,,29662.935,,310.02964,,182.6
2023,KS,TSN,estimated total solar,,210.13587,,,,
2023,IN,PET,petroleum,,96.71815,,1.19372,,25.0
2023,IN,NG,natural gas,,34849.28217,,326.0886,,807.3
2023,IN,COW,all coal products,8.77,40931.63016,2.85,464.96087,,1387.6
2023,WA,COW,all coal products,7.71,4162.60729,0.38,49.49928,,182.2
2023,CA,TSN,estimated total solar,,68978.08598,,,,
2023,MI,TSN,estimated total solar,,1566.19885,,,47.09,
2023,AZ,WNT,onshore wind turbine,,1733.354,,5.91421,27.0,
2023,GA,TSN,estimated total solar,,8068.59236,,,46.27,
2023,AR,TSN,estimated total solar,,1194.03417,,,47.09,
2023,ME,COW,all coal products,6.66,43.20506,0.97,1.29501,,7.0
2023,KS,NUC,nuclear,,10301.865,,107.67254,,66.5
2023,OR,PET,petroleum,,0.19502,,0.00199,,0.0
2023,OH,NG,natural gas,,78704.77666,,597.48299,,1262.2
2023,FL,PET,petroleum,0.32,1202.44055,4.95,13.46578,,106.5
2023,FL,COW,all coal products,8.76,11691.45238,2.8,127.88145,,428.6
2023,VT,PET,petroleum,,2.61064,,0.05133,,0.7
2023,VT,NG,natural gas,,1.2637,,0.10321,,0.0
2023,VA,NG,natural gas,,50604.69376,,410.20817,,1240.6
2023,OH,WNT,onshore wind turbine,,2819.321,,9.61959,,
2023,CT,PET,petroleum,,124.20381,0.3,1.69228,,26.5
2023,OR,WNT,onshore wind turbine,,8953.566,,30.54957,27.0,
2023,OR,NG,natural gas,,23384.81961,,181.12604,,881.3
2023,TN,WNT,onshore wind turbine,,16.213,,0.05532,,
2023,TN,NG,natural gas,,15029.97376,,138.60248,,291.3
2023,WV,NG,natural gas,,3679.6577,,40.84029,,64.6
2023,CO,WNT,onshore wind turbine,,16091.081,,54.90276,27.0,
2023,CO,PET,petroleum,,47.93543,,2.935,,77.5
2023,NM,COW,all coal products,19.41,7371.81332,0.85,73.7566,,263.6
2023,LA,NUC,nuclear,,12211.457,,127.63112,,73.4
2023,CO,NG,natural gas,,17219.75981,,148.49167,,549.6
2023,ME,WNT,onshore wind turbine,,2338.71,,7.97968,,
2023,AK,WNT,onshore wind turbine,,111.36886,,0.38004,,
2023,DE,NG,natural gas,,4382.64005,,43.97482,,57.9
2023,MI,NUC,nuclear,,27996.108,,292.60838,,158.7
2023,WV,TSN,estimated total solar,,47.30431,,,,
2023,NC,NUC,nuclear,,42335.726,,442.54374,,244.6
2023,IA,TSN,estimated total solar,,911.10882,,,47.09,
2023,AK,NG,natural gas,,3182.4071,,28.43803,,224.7
2023,SC,TSN,estimated total solar,,3351.29057,,,46.27,
2023,SC,NUC,nuclear,,55622.34,,581.35091,,321.5
2023,SC,NG,natural gas,,23691.4439,,195.03298,,746.2
2023,CO,TSN,estimated total solar,,5319.19833,,,28.528,
2023,NY,PET,petroleum,,413.01517,0.36,5.0128,,68.8
2023,NY,NUC,nuclear,,27524.923,,287.68367,,185.2
2023,OK,WNT,onshore wind turbine,,37012.334,,126.28608,,
2023,OK,NG,natural gas,,45212.91499,,382.27799,,1096.6
2023,IA,WNT,onshore wind turbine,,41439.49501,,141.39176,33.0,
2023,NH,NUC,nuclear,,9534.781,,99.65517,,58.6
2023,MI,WNT,onshore wind turbine,,8292.415,,28.29372,33.0,
2023,AR,COW,all coal products,4.7,16844.43645,0.22,178.45679,,387.6
2023,KS,COW,all coal products,5.22,16290.68363,0.28,182.05702,,308.7
2023,MO,NUC,nuclear,,9179.744,,95.94441,,67.5
2023,IN,TSN,estimated total solar,,2203.21296,,,47.09,
2022,TN,TSN,estimated total solar,,751.55145,,,39.548,
2022,TN,COW,all coal products,8.04,15885.53977,1.74,190.96541,,618.3
2022,UT,NG,natural gas,,11107.08691,,89.05552,,685.4
2022,OH,PET,petroleum,,1272.60495,,23.32457,,141.8
2022,PA,TSN,estimated total solar,,1046.53604,,,48.086,
2022,OK,PET,petroleum,,28.5796,,0.33069,,7.6
2022,NH,PET,petroleum,,445.35174,0.48,4.34367,,79.6
2022,NH,NG,natural gas,,4501.92276,,33.47054,,291.2
2022,UT,WNT,onshore wind turbine,,723.439,,2.46838,29.555555555555557,
2022,WY,NG,natural gas,,1661.25445,,22.96939,,86.2
2022,WI,WNT,onshore wind turbine,,1815.722,,6.19525,27.0,
2022,AK,TSN,estimated total solar,,15.71979,,,,
2022,KS,NUC,nuclear,,8981.959,,93.84009,,59.3
2022,MA,PET,petroleum,,756.06189,0.3,7.31517,,137.8
2022,MA,NG,natural gas,,15775.96667,,133.50796,,1397.9
2022,NE,WNT,onshore wind turbine,,12614.061,,43.03918,29.0,
2022,NE,NG,natural gas,,1260.18185,,13.41907,,112.3
2022,IL,TSN,estimated total solar,,2794.9352,,,53.078,
2022,GA,COW,all coal products,7.06,16778.38303,1.36,179.98955,,676.3
2022,IL,WNT,onshore wind turbine,,23493.80554,,80.16085,27.0,
2022,IL,NUC,nuclear,,98869.581,,1032.95171,,641.0
2022,IA,COW,all coal products,4.92,18172.12614,0.31,226.117,,332.3
2022,CT,TSN,estimated total solar,,1470.31565,,,62.06,
2022,CA,WNT,onshore wind turbine,,14638.061,,49.94505,,
2022,DE,TSN,estimated total solar,,221.93297,,,48.086,
2022,NM,TSN,estimated total solar,,2566.43969,,,28.675624999999997,
2022,NC,WNT,onshore wind turbine,,546.755,,1.86553,,
2022,NC,TSN,estimated total solar,,11858.41022,,,39.548,
2022,NC,PET,petroleum,,277.75199,,3.77869,,74.2
2022,ME,WNT,onshore wind turbine,,2716.384,,9.26829,,
2022,MD,WNT,onshore wind turbine,,497.608,,1.69784,,
2022,MD,TSN,estimated total solar,,1996.37016,,,48.086,
2022,MD,PET,petroleum,,142.8643,,1.92654,,48.4
2022,MD,COW,all coal products,12.38,4639.31405,2.27,52.48991,,163.7
2022,ND,WNT,onshore wind turbine,,16249.888,,55.44463,28.0,
2022,ND,COW,all coal products,9.79,24831.18527,0.73,288.99473,,474.1
2022,NY,WNT,onshore wind turbine,,4567.508,,15.58434,,
2022,OH,NG,natural gas,,68864.96911,,524.31167,,3075.4
2022,DE,COW,all coal products,7.45,104.74978,2.17,1.84569,,5.8
2022,CO,NG,natural gas,,15445.52673,,142.28214,,955.5
2022,MO,NUC,nuclear,,8874.76949,,92.72021,,64.6
2022,IA,WNT,onshore wind turbine,,45761.36955,,156.1378,28.0,
2022,MT,WNT,onshore wind turbine,,4021.86,,13.72259,28.51851851851852,
2022,VA,TSN,estimated total solar,,5015.07162,,,48.086,
2022,NE,NUC,nuclear,,5618.504,,58.69999,,37.7
2022,NH,NUC,nuclear,,10921.528,,114.10396,,67.1
2022,MT,PET,petroleum,,464.87867,,7.47191,,41.4
2022,MT,COW,all coal products,9.12,11651.07251,0.7,128.26228,,269.5
2022,MA,TSN,estimated total solar,,5353.15349,,,62.06,
2022,WV,TSN,estimated total solar,,33.2145,,,48.086,
2022,ME,PET,petroleum,,274.26939,0.45,3.71228,,68.6
2022,MD,NG,natural gas,,13949.64162,,106.62797,,833.7
2022,NM,COW,all coal products,20.47,13291.99638,0.79,136.55173,,399.8
2022,NJ,NG,natural gas,,33394.32334,,269.05927,,1813.6
2022,CT,PET,petroleum,,314.36881,0.28,4.01405,,79.8
2022,LA,COW,all coal products,4.95,8172.86284,0.37,91.93676,,244.2
2022,MI,NG,natural gas,,41183.78402,,367.39778,,2203.4
2022,FL,PET,petroleum,0.28,1319.16485,4.54,15.5539,,198.0
2022,FL,COW,all coal products,8.51,15531.57239,2.68,169.69883,,608.2
2022,LA,PET,petroleum,0.52,3106.6338,5.67,35.16372,,185.7
2022,TX,TSN,estimated total solar,,25437.07827,,,43.7,
2022,NM,WNT,onshore wind turbine,,14434.55068,,49.2507,29.27777777777778,
2022,NM,PET,petroleum,,18.92466,,0.21445,,6.8
2022,SD,TSN,estimated total solar,,4.34446,,,43.7,
2022,SD,NG,natural gas,,1424.3383,,15.29937,,57.3
2022,TX,PET,petroleum,,373.50556,,5.26079,,82.4
2022,TX,NG,natural gas,,256140.17982,,2324.03563,,11969.3
2022,TX,COW,all coal products,8.42,85336.95279,0.53,926.22913,,2128.5
2022,WA,TSN,estimated total solar,,476.50139,,,28.02125,
2022,WI,NG,natural gas,,23276.42845,,201.51365,,1047.8
2022,VT,WNT,onshore wind turbine,,409.185,,1.39614,,
2022,VA,PET,petroleum,,651.86699,0.23,9.23575,,126.4
2022,VA,NUC,nuclear,,28197.337,,294.59503,,168.7
2022,MO,TSN,estimated total solar,,680.75981,,,43.7,
2022,NV,PET,petroleum,,9.10575,,0.11115,,3.0
2022,MS,COW,all coal products,10.62,5651.36728,0.48,64.18003,,253.4
2022,WI,PET,petroleum,0.4,175.11527,5.86,2.37754,,18.0
2022,WI,COW,all coal products,5.12,21922.94807,0.4,228.62892,,542.9
2022,CA,TSN,estimated total solar,,62909.92353,,,27.3175,
2022,FL,TSN,estimated total solar,,13884.58416,,,31.01,
2022,KY,COW,all coal products,8.85,47053.32664,2.51,502.52881,,1194.1
2022,IL,NG,natural gas,,19789.29049,,176.08612,,1025.3
2022,AL,PET,petroleum,,40.91709,,0.71551,,11.0
2022,ID,WNT,onshore wind turbine,,2441.688,,8.33103,29.555555555555557,
2022,MI,TSN,estimated total solar,,1105.07436,,,53.078,
2022,NJ,NUC,nuclear,,28318.8,,295.86403,,179.2
2022,VA,COW,all coal products,16.73,3346.07301,1.52,38.5527,,110.8
2022,AK,WNT,onshore wind turbine,,139.276,,0.47521,,
2022,NC,NG,natural gas,,58131.39645,,489.05511,,3494.4
2022,AR,TSN,estimated total solar,,966.73478,,,43.7,
2022,OR,WNT,onshore wind turbine,,8149.18841,,27.80503,29.555555555555557,
2022,OR,NG,natural gas,,19054.76026,,147.43982,,797.2
2022,WA,PET,petroleum,,43.723,,1.48453,,6.3
2022,WA,NG,natural gas,,14532.32189,,121.99845,,700.3
2022,NC,NUC,nuclear,,42644.282,,445.53121,,249.5
2022,ME,TSN,estimated total solar,,768.03807,,,62.06,
2022,KS,TSN,estimated total solar,,161.27242,,,29.33,
2022,NC,COW,all coal products,9.04,14673.74341,1.8,161.93508,,539.9
2022,ND,TSN,estimated total solar,,1.71878,,,43.7,
2022,PA,NUC,nuclear,,76166.017,,795.75352,,503.0
2022,IN,WNT,onshore wind turbine,,9985.205,,34.06953,27.0,
2022,LA,NUC,nuclear,,16164.721,,168.88284,,92.5
2022,ID,COW,all coal products,,6.26699,,0.45803,,0.0
2022,MN,PET,petroleum,,-61.47689,,0.85498,,14.5
2022,MS,TSN,estimated total solar,,525.92121,,,44.54,
2022,MS,NG,natural gas,,51719.17121,,397.67245,,2497.5
2022,NE,COW,all coal products,4.89,19945.26948,0.26,220.61637,,266.2
2022,OK,WNT,onshore wind turbine,,37552.755,,128.13,29.0,
2022,OK,NG,natural gas,,36022.92097,,309.79243,,2230.9
2022,SD,COW,all coal products,5.18,1874.80217,0.33,20.55732,,42.7
2022,SC,TSN,estimated total solar,,2941.99521,,,31.01,
2022,SC,NUC,nuclear,,54369.751,,568.09624,,325.2
2022,PA,PET,petroleum,,312.6673,1.42,3.60616,,83.5
2022,OR,TSN,estimated total solar,,2012.52449,,,28.02125,
2022,OH,TSN,estimated total solar,,1246.67228,,,48.086,
2022,UT,TSN,estimated total solar,,4628.93709,,,28.02125,
2022,UT,PET,petroleum,,31.03924,,0.32152,,9.2
2022,TN,NUC,nuclear,,35635.4,,372.65045,,218.8
2022,AL,COW,all coal products,6.55,25943.99013,0.43,264.51125,,743.9
2022,ME,COW,all coal products,6.97,42.44227,0.94,1.26928,,5.8
2022,SC,COW,all coal products,9.24,14243.46192,2.0,149.27133,,525.5
2022,MD,NUC,nuclear,,14810.684,,154.73638,,90.9
2022,TN,PET,petroleum,,146.61361,,2.20465,,56.9
2022,MN,WNT,onshore wind turbine,,15091.227,,51.49124,28.0,
2022,MN,TSN,estimated total solar,,2144.36494,,,43.7,
2022,ND,NG,natural gas,,1453.35858,,16.35288,,44.8
2022,HI,WNT,onshore wind turbine,,625.42187,,2.13394,,
2022,VT,PET,petroleum,,5.26506,,0.10472,,1.4
2022,VT,NG,natural gas,,1.49874,,0.09495,,0.1
2022,VA,NG,natural gas,,48801.98702,,393.07743,,2601.8
2022,MT,NG,natural gas,,728.75784,,8.58504,,33.4
2022,GA,TSN,estimated total solar,,7331.77903,,,31.01,
2022,RI,PET,petroleum,,60.05078,,0.64758,,12.0
2022,DC,TSN,estimated total solar,,198.1141,,,48.086,
2022,RI,NG,natural gas,,6963.77276,,54.82586,,434.2
2022,HI,TSN,estimated total solar,,1881.68869,,,,
2022,HI,COW,all coal products,7.58,647.75791,0.21,7.6795,,29.5
2022,NY,NUC,nuclear,,26812.164,,280.12327,,177.1
2022,CT,NUC,nuclear,,16464.167,,172.01134,,101.1
2022,CT,NG,natural gas,,24530.68681,,181.70682,,1509.7
2022,DE,NG,natural gas,,4749.64478,,45.73557,,215.0
2022,AR,COW,all coal products,4.74,20360.86942,0.22,210.02669,,486.8
2022,WY,TSN,estimated total solar,,208.87296,,,28.02125,
2022,WY,PET,petroleum,,53.03027,,0.57641,,14.2
2022,CA,COW,all coal products,8.52,251.5649,0.42,12.68828,,0.0
2022,WA,COW,all coal products,8.28,3565.97183,0.39,42.20367,,130.0
2022,WA,WNT,onshore wind turbine,,8060.912,,27.50383,29.555555555555557,
2022,NE,PET,petroleum,,35.10891,,0.47292,,11.1
2022,IA,TSN,estimated total solar,,693.46297,,,43.7,
2022,FL,NUC,nuclear,,30768.329,,321.45578,,155.6
2022,OK,COW,all coal products,5.13,8954.03136,0.26,103.53176,,265.1
2022,WY,COW,all coal products,7.0,33517.8958,0.41,385.02786,,594.0
2022,OR,PET,petroleum,,1.6679,,0.01648,,0.3
2022,OH,COW,all coal products,9.24,42992.71249,3.65,446.94354,,1258.2
2022,CO,TSN,estimated total solar,,3771.73947,,,28.02125,
2022,MO,WNT,onshore wind turbine,,7524.605,,25.67395,28.0,
2022,AZ,NUC,nuclear,,31942.793,,333.72613,,220.3
2022,AZ,NG,natural gas,,45053.24482,,350.62444,,2939.2
2022,MS,NUC,nuclear,,8600.33,,89.85297,,55.8
2022,CO,WNT,onshore wind turbine,,16911.126,,57.70075,29.555555555555557,
2022,CO,PET,petroleum,,27.20574,,0.37589,,10.0
2022,VT,TSN,estimated total solar,,413.50692,,,62.06,
2022,TN,WNT,onshore wind turbine,,14.865,,0.05072,,
2022,DC,NG,natural gas,,80.27208,,1.20223,,0.0
2022,TN,NG,natural gas,,16520.81238,,159.15619,,722.1
2021,HI,WNT,onshore wind turbine,0.0,657.891,0.0,5.81839,,
2021,MD,PET,petroleum,0.0,72.66898,0.0,1.1622,,17.8
2021,MD,NUC,nuclear,0.0,14993.633,0.0,156.37029,,114.1
2021,SC,TSN,estimated total solar,,2707.4398,,,27.045,
2021,SC,PET,petroleum,0.0,86.1746,1.2,1.22253,,13.8
2021,SC,NUC,nuclear,0.0,53771.428,0.0,560.84102,,564.1
2021,WI,COW,all coal products,4.96,27441.58672,0.37,282.65966,,567.9
2021,NV,WNT,onshore wind turbine,0.0,339.944,0.0,3.00647,29.666666666666668,
2021,NV,TSN,estimated total solar,,7655.79907,,,20.53,
2021,IL,WNT,onshore wind turbine,0.0,19133.08783,0.0,169.21303,22.666666666666664,
2021,IL,NUC,nuclear,0.0,96994.458,0.0,1011.56616,,667.5
2021,WA,TSN,estimated total solar,,358.59672,,,20.53,
2021,GA,NG,natural gas,0.0,56673.11501,0.0,444.05863,,1762.6
2021,FL,NUC,nuclear,0.0,29514.894,0.0,307.81417,,168.1
2021,NH,COW,all coal products,7.6,284.16345,2.88,3.25858,,13.0
2021,IL,PET,petroleum,0.0,53.97006,0.0,0.65884,,11.3
2021,IL,NG,natural gas,0.0,20664.59802,0.0,203.18897,,738.0
2021,DE,WNT,onshore wind turbine,0.0,4.849,0.0,0.04288,18.0,
2021,OK,WNT,onshore wind turbine,0.0,32540.31215,0.0,287.78653,17.0,
2021,AR,NG,natural gas,0.0,20629.13354,0.0,165.20441,,1072.9
2021,MN,PET,petroleum,0.0,105.13068,0.0,1.33679,,18.7
2021,NJ,PET,petroleum,0.0,36.98351,0.0,0.42193,,3.4
2021,NJ,NG,natural gas,0.0,29542.81514,0.0,237.35384,,829.3
2021,HI,TSN,estimated total solar,,1758.03099,,,,
2021,CT,PET,petroleum,0.0,45.94954,0.3,1.03783,,9.4
2021,CT,NUC,nuclear,0.0,17216.509,0.0,179.55292,,131.1
2021,CO,WNT,onshore wind turbine,0.0,15125.697,0.0,133.77166,29.666666666666668,
2021,CO,PET,petroleum,0.0,27.80917,0.0,0.36978,,7.0
2021,CT,COW,all coal products,0.0,244.64713,0.0,2.87962,,11.5
2021,LA,NUC,nuclear,0.0,17248.674,0.0,179.88837,,96.3
2021,LA,COW,all coal products,6.06,7872.9514,0.53,91.48142,,468.5
2021,RI,WNT,onshore wind turbine,0.0,87.952,0.0,0.77784,,
2021,MT,COW,all coal products,9.17,10876.45398,0.65,120.12108,,273.7
2021,IA,WNT,onshore wind turbine,0.0,37098.274,0.0,328.09712,22.166666666666664,
2021,NJ,NUC,nuclear,0.0,28142.099,0.0,293.49713,,203.1
2021,TX,COW,all coal products,8.18,88818.13948,0.51,962.42605,,2081.8
2021,WA,NUC,nuclear,0.0,8511.288,0.0,88.76519,,54.3
2021,AZ,WNT,onshore wind turbine,0.0,1600.319,0.0,14.15322,29.666666666666668,
2021,CO,TSN,estimated total solar,,2786.11122,,,20.53,
2021,CO,COW,all coal products,6.19,23602.04163,0.32,248.96744,,398.7
2021,OK,NG,natural gas,0.0,33857.23754,0.0,285.84346,,3385.2
2021,WY,TSN,estimated total solar,,196.89137,,,20.53,
2021,WY,NG,natural gas,0.0,1500.7007,0.0,20.00416,,48.8
2021,OH,NG,natural gas,0.0,56380.78218,0.0,431.29116,,1516.1
2021,ND,TSN,estimated total solar,,1.22855,,,29.088,
2021,PA,COW,all coal products,18.03,29297.30847,2.7,322.81746,,923.5
2021,MI,WNT,onshore wind turbine,0.0,7696.887,0.0,68.07127,22.666666666666664,
2021,MI,COW,all coal products,5.09,37053.90287,0.56,392.29827,,804.1
2021,ID,TSN,estimated total solar,,684.10626,,,20.53,
2021,ID,NG,natural gas,0.0,4935.45448,0.0,46.10791,,160.7
2021,CT,WNT,onshore wind turbine,0.0,12.758,0.0,0.11283,,
2021,KY,PET,petroleum,0.0,66.08994,0.0,0.9208,,14.3
2021,OK,TSN,estimated total solar,,128.19206,,,25.42,
2021,AK,WNT,onshore wind turbine,0.0,132.212,0.0,1.16928,,
2021,KY,NG,natural gas,0.0,14571.97964,0.0,117.85437,,468.0
2021,KY,COW,all coal products,8.6,49862.72893,2.5,530.97407,,1000.8
2021,PA,NG,natural gas,0.0,126664.87788,0.0,910.08524,,2923.2
2021,CA,COW,all coal products,8.46,294.15381,0.37,14.38951,,0.0
2021,ME,TSN,estimated total solar,,293.14863,,,,
2021,MS,COW,all coal products,9.79,5530.68764,0.51,62.25442,,159.3
2021,WY,WNT,onshore wind turbine,0.0,8447.86,0.0,74.71287,29.666666666666668,
2021,MD,COW,all coal products,11.42,5173.97896,2.34,59.66669,,144.1
2021,ME,WNT,onshore wind turbine,0.0,2544.197,0.0,22.50088,,
2021,NE,NUC,nuclear,0.0,6880.622,0.0,71.75879,,43.9
2021,PA,PET,petroleum,0.0,124.0959,1.42,1.64867,,21.2
2021,MA,TSN,estimated total solar,,4120.1605,,,,
2021,ND,PET,petroleum,0.0,33.09492,0.0,0.39817,,6.3
2021,DE,COW,all coal products,8.03,276.72937,2.62,4.54157,,11.0
2021,MD,NG,natural gas,0.0,13977.17105,0.0,108.23847,,445.9
2021,VT,WNT,onshore wind turbine,0.0,338.188,0.0,2.99094,,
2021,IA,COW,all coal products,4.94,22106.5942,0.34,266.62582,,360.0
2021,MO,PET,petroleum,0.0,258.6941,0.0,3.49858,,43.3
2021,RI,PET,petroleum,0.0,12.5625,0.0,0.20387,,1.6
2021,IN,PET,petroleum,0.0,127.81222,0.0,1.62974,,24.4
2021,SD,PET,petroleum,0.0,38.19249,0.0,0.49074,,7.9
2021,MS,PET,petroleum,0.0,8.24655,0.0,0.13354,,1.1
2021,AZ,NUC,nuclear,0.0,31629.862,0.0,329.87141,,215.6
2021,AZ,NG,natural gas,0.0,48053.13267,0.0,371.02881,,1764.5
2021,WA,WNT,onshore wind turbine,0.0,9297.756,0.0,82.22935,29.666666666666668,
2021,WA,PET,petroleum,0.0,32.0241,0.0,1.38091,,2.1
2021,NM,TSN,estimated total solar,,2212.30215,,,22.975,
2021,MA,WNT,onshore wind turbine,0.0,208.62625,0.0,1.84509,,
2021,NC,TSN,estimated total solar,,10578.4964,,,35.082499999999996,
2021,NC,PET,petroleum,0.0,194.7418,0.0,3.05626,,32.7
2021,AL,NG,natural gas,0.0,54447.87499,0.0,445.80129,,1720.8
2021,HI,PET,petroleum,0.0,6155.20742,0.46,64.89564,,852.4
2021,MN,TSN,estimated total solar,,2076.74972,,,29.088,
2021,VT,PET,petroleum,0.0,2.88537,0.0,0.06078,,0.6
2021,UT,TSN,estimated total solar,,4136.50742,,,20.53,
2021,TX,NG,natural gas,0.0,233120.82483,0.0,2138.48218,,14914.8
2021,CO,NG,natural gas,0.0,14559.77311,0.0,132.83519,,943.3
2021,DE,TSN,estimated total solar,,195.92042,,,43.12,
2021,DE,NG,natural gas,0.0,3734.20289,0.0,38.22643,,86.2
2021,AR,NUC,nuclear,0.0,13555.684,0.0,141.37376,,75.2
2021,NC,WNT,onshore wind turbine,0.0,514.703,0.0,4.55203,18.0,
2021,NC,COW,all coal products,9.05,20404.63829,1.8,220.83087,,564.9
2021,MI,TSN,estimated total solar,,616.14562,,,37.938,
2021,WY,PET,petroleum,0.0,60.33173,0.0,0.6632,,11.3
2021,WY,COW,all coal products,6.64,32038.12828,0.41,371.34269,,593.4
2021,AZ,COW,all coal products,9.88,14300.57241,0.61,153.94833,,355.3
2021,AK,NG,natural gas,0.0,3085.39602,0.0,26.31326,,159.4
2021,VA,NUC,nuclear,0.0,28571.516,0.0,297.97557,,166.5
2021,PA,NUC,nuclear,0.0,75902.514,0.0,791.5959,,502.1
2021,GA,TSN,estimated total solar,,5240.62207,,,27.045,
2021,GA,PET,petroleum,0.0,179.03062,2.1,5.76659,,15.0
2021,VT,NG,natural gas,0.0,2.05353,0.0,0.11918,,0.0
2021,ND,COW,all coal products,10.08,24402.79083,0.73,282.00484,,445.0
2021,MT,WNT,onshore wind turbine,0.0,3472.646,0.0,30.71208,24.666666666666668,
2021,MT,PET,petroleum,0.0,450.73117,0.0,7.68324,,27.9
2021,WI,TSN,estimated total solar,,548.85439,,,32.756,
2021,IL,TSN,estimated total solar,,1437.89435,,,37.938,
2021,VA,PET,petroleum,0.0,340.78521,0.21,5.32958,,41.7
2021,AR,TSN,estimated total solar,,631.05632,,,29.088,
2021,OH,COW,all coal products,9.08,45662.04797,3.63,471.03513,,782.1
2021,MT,NG,natural gas,0.0,528.30489,0.0,6.48387,,19.6
2021,AR,PET,petroleum,0.0,55.53197,0.0,0.57209,,8.6
2021,NM,WNT,onshore wind turbine,0.0,10580.735,0.0,93.57601,23.333333333333336,
2021,NY,WNT,onshore wind turbine,0.0,4156.369,0.0,36.75893,,
2021,NY,PET,petroleum,0.0,687.76229,0.45,8.07083,,87.1
2021,UT,WNT,onshore wind turbine,0.0,825.229,0.0,7.29833,29.666666666666668,
2021,MD,TSN,estimated total solar,,1656.96908,,,43.12,
2021,VA,NG,natural gas,0.0,53611.27362,0.0,429.55955,,1573.4
2021,VA,COW,all coal products,16.48,3248.47335,1.42,36.78741,,75.9
2021,MI,PET,petroleum,0.3,1149.52181,5.53,19.70936,,39.2
2021,MI,NUC,nuclear,0.0,34338.319,0.0,358.11821,,199.2
2021,NY,NUC,nuclear,0.0,31176.583,0.0,325.14411,,208.3
2021,OH,WNT,onshore wind turbine,0.0,2586.756,0.0,22.87727,18.0,
2021,OH,TSN,estimated total solar,,950.19508,,,43.12,
2021,OH,NUC,nuclear,0.0,17483.009,0.0,182.33228,,121.1
2021,ME,PET,petroleum,0.0,31.60518,1.5,0.95393,,8.3
2021,ME,COW,all coal products,7.97,49.99624,0.79,1.5875,,6.3
2021,NE,TSN,estimated total solar,,85.54767,,,25.42,
2021,NE,PET,petroleum,0.0,55.13041,0.0,0.77948,,13.1
2021,NJ,TSN,estimated total solar,,4042.64372,,,43.12,
2021,UT,COW,all coal products,12.01,26375.56481,0.6,268.43321,,533.3
2021,IA,NG,natural gas,0.0,6463.64391,0.0,64.54903,,188.1
2021,NM,COW,all coal products,21.33,12536.31904,0.75,131.83393,,344.7
2021,TN,NUC,nuclear,0.0,35330.407,0.0,368.55698,,269.0
2021,TN,COW,all coal products,7.96,18259.79637,2.11,210.1313,,377.6
2021,MN,COW,all coal products,5.45,15764.27457,0.31,175.34985,,353.0
2020,TX,COW,all coal products,8.54,78825.27459,0.51,866.71697,,1766.3
2020,WI,NUC,nuclear,0.0,9771.333,0.0,102.07113,,63.3
2020,IL,PET,petroleum,0.0,30.31227,0.0,0.44402,,4.7
2020,IL,NG,natural gas,0.0,24516.13774,0.0,257.01519,,547.0
2020,NH,NG,natural gas,0.0,3638.01203,0.0,27.34421,,85.1
2020,CO,NG,natural gas,0.0,18171.33776,0.0,159.54678,,436.5
2020,ME,WNT,onshore wind turbine,0.0,2395.141,0.0,21.01257,,
2020,WV,TSN,estimated total solar,,15.37274,,,32.08857142857143,
2020,WV,PET,petroleum,0.0,142.4075,0.0,1.48874,,18.0
2020,AK,COW,all coal products,9.43,721.78894,0.15,15.36798,,39.4
2020,ND,PET,petroleum,0.0,30.70179,0.0,0.36405,,3.8
2020,MN,WNT,onshore wind turbine,0.0,11831.13671,0.0,103.79456,22.833333333333336,
2020,KY,NG,natural gas,0.0,14384.4953,0.0,112.5515,,307.3
2020,KY,COW,all coal products,8.76,43638.31323,2.57,466.76785,,865.8
2020,MI,PET,petroleum,0.26,933.67172,5.5,17.09004,,22.6
2020,LA,NUC,nuclear,0.0,16949.587,0.0,177.05502,,98.1
2020,LA,COW,all coal products,6.57,3918.42413,0.67,45.37761,,217.3
2020,MS,TSN,estimated total solar,,445.07813,,,30.13975,
2020,MS,NUC,nuclear,0.0,6470.934,0.0,67.71611,,25.6
2020,NM,COW,all coal products,21.72,12788.18425,0.78,137.41155,,349.3
2020,NE,WNT,onshore wind turbine,0.0,9115.34229,0.0,79.96889,15.0,
2020,NJ,PET,petroleum,0.0,66.5922,0.0,0.42412,,1.9
2020,MS,COW,all coal products,9.74,4593.52454,0.49,51.94037,,136.2
2020,FL,COW,all coal products,8.3,16597.72817,2.64,176.46772,,436.3
2020,VT,PET,petroleum,0.0,1.75715,0.0,0.03457,,0.3
2020,TX,TSN,estimated total solar,,10151.12009,,,32.802,
2020,TX,NUC,nuclear,0.0,41438.705,0.0,432.86781,,268.6
2020,UT,PET,petroleum,0.0,39.55503,0.0,0.41186,,5.2
2020,UT,NG,natural gas,0.0,9460.15007,0.0,77.79095,,176.8
2020,AZ,WNT,onshore wind turbine,0.0,644.16,0.0,5.65121,37.8,
2020,VT,WNT,onshore wind turbine,0.0,383.586,0.0,3.3652,,
2020,NH,TSN,estimated total solar,,160.78386,,,44.66,
2020,WY,COW,all coal products,6.84,33359.10357,0.42,380.80199,,618.4
2020,OH,PET,petroleum,0.0,1174.40453,0.0,20.1634,,33.1
2020,KY,PET,petroleum,0.0,57.21689,0.0,0.96732,,10.8
2020,MA,NG,natural gas,0.0,14177.40602,0.0,125.94093,,349.8
2020,CO,PET,petroleum,0.0,-188.63227,0.0,0.11002,,1.3
2020,CA,WNT,onshore wind turbine,0.0,13583.089,0.0,119.16444,39.0,
2020,NE,TSN,estimated total solar,,73.99099,,,,
2020,NE,PET,petroleum,0.0,14.03375,0.0,0.21698,,2.7
2020,HI,PET,petroleum,0.0,6149.20534,0.47,64.49877,,581.0
2020,MS,NG,natural gas,0.0,53661.60278,0.0,412.00243,,918.6
2020,NE,NUC,nuclear,0.0,6188.551,0.0,64.64547,,41.9
2020,NM,TSN,estimated total solar,,2113.80621,,,23.47,
2020,NJ,COW,all coal products,7.72,916.71816,1.69,12.14409,,34.2
2020,IA,COW,all coal products,4.9,14146.83452,0.33,181.62884,,215.5
2020,CT,COW,all coal products,0.0,-19.08163,0.0,0.06672,,0.2
2020,AL,NG,natural gas,0.0,55224.99865,0.0,446.78025,,1005.1
2020,OR,COW,all coal products,4.59,1630.14477,0.25,16.97583,,37.0
2020,OK,WNT,onshore wind turbine,0.0,29416.97729,0.0,258.07513,15.0,
2020,NH,WNT,onshore wind turbine,0.0,524.87224,0.0,4.60471,,
2020,SD,PET,petroleum,0.0,7.39353,0.0,0.11025,,0.9
2020,IL,COW,all coal products,10.43,31237.85745,1.37,360.11927,,502.6
2020,WI,PET,petroleum,0.49,105.25881,5.65,1.61313,,5.2
2020,CA,PET,petroleum,0.0,43.91534,0.0,0.52429,,4.9
2020,CA,NUC,nuclear,0.0,16258.698,0.0,169.83801,,110.5
2020,OH,WNT,onshore wind turbine,0.0,2289.139,0.0,20.08262,31.5,
2020,OH,TSN,estimated total solar,,400.46761,,,32.08857142857143,
2020,OH,NUC,nuclear,0.0,18219.025,0.0,190.31554,,121.2
2020,UT,COW,all coal products,12.11,22806.02092,0.54,237.17929,,483.3
2020,SD,NG,natural gas,0.0,1102.46586,0.0,10.63042,,23.0
2020,SC,TSN,estimated total solar,,2092.46967,,,27.4775,
2020,SC,PET,petroleum,0.0,64.14947,1.05,0.98525,,7.6
2020,SC,NUC,nuclear,0.0,54751.088,0.0,571.92868,,350.5
2020,MD,PET,petroleum,0.0,70.37895,0.0,1.04513,,11.7
2020,MD,NUC,nuclear,0.0,15080.557,0.0,157.53117,,97.7
2020,VT,TSN,estimated total solar,,356.73521,,,44.66,
2020,OR,TSN,estimated total solar,,1335.22913,,,23.47,
2020,DC,NG,natural gas,0.0,133.53607,0.0,2.03326,,0.0
2020,OR,NG,natural gas,0.0,19019.91336,0.0,144.60265,,276.9
2020,WI,TSN,estimated total solar,,222.51422,,,32.802,
2020,MN,NUC,nuclear,0.0,14677.288,0.0,153.31863,,123.5
2020,MN,NG,natural gas,0.0,11814.9943,0.0,100.45795,,240.3
2020,IL,WNT,onshore wind turbine,0.0,16225.93984,0.0,142.35016,31.083333333333336,
2020,FL,TSN,estimated total solar,,7626.98194,,,27.4775,
2020,OK,NG,natural gas,0.0,43758.89077,0.0,359.60993,,805.8
2020,NJ,NG,natural gas,0.0,30630.98231,0.0,243.39613,,418.4
2020,NY,NG,natural gas,0.0,52965.59346,0.0,465.00769,,927.2
2020,NY,TSN,estimated total solar,,3130.39298,,,122.5,
2020,NV,PET,petroleum,0.0,6.26478,0.0,0.07596,,1.1
2020,NV,COW,all coal products,7.42,1953.20122,0.35,21.87908,,51.2
2020,OR,WNT,onshore wind turbine,0.0,8777.254,0.0,77.00286,37.8,
2020,OR,PET,petroleum,0.0,2.33899,0.0,0.0251,,0.3
2020,CT,NG,natural gas,0.0,23536.81288,0.0,175.24408,,391.5
2020,IL,NUC,nuclear,0.0,100246.068,0.0,1047.16825,,666.8
2020,DC,PET,petroleum,0.0,0.02052,0.0,0.00028,,0.0
2020,NJ,NUC,nuclear,0.0,26738.258,0.0,279.33743,,176.3
2020,WI,WNT,onshore wind turbine,0.0,1763.375,0.0,15.4701,30.666666666666668,
2020,GA,COW,all coal products,6.8,13913.93452,1.5,152.33351,,393.8
2020,FL,NG,natural gas,0.0,189420.46237,0.0,1435.83497,,4447.9
2020,DE,TSN,estimated total solar,,182.60627,,,32.08857142857143,
2020,DE,NG,natural gas,0.0,4818.09381,0.0,46.77288,,52.0
2020,ND,COW,all coal products,9.86,24496.80711,0.78,281.07951,,445.3
2020,NJ,WNT,onshore wind turbine,0.0,20.014,0.0,0.17558,31.5,
2020,NC,NUC,nuclear,0.0,42328.762,0.0,442.16533,,263.5
2020,NC,NG,natural gas,0.0,41401.32109,0.0,324.11654,,1016.3
2020,TN,WNT,onshore wind turbine,0.0,39.185,0.0,0.34377,31.5,
2020,ID,TSN,estimated total solar,,652.73494,,,23.47,
2020,ID,NG,natural gas,0.0,4157.09842,0.0,39.75056,,81.7
2020,NV,NG,natural gas,0.0,26801.32126,0.0,214.54353,,558.8
2020,PA,COW,all coal products,19.07,23458.27098,2.46,258.15085,,442.0
2020,AR,PET,petroleum,0.0,44.17149,0.0,0.53792,,5.2
2020,ME,TSN,estimated total solar,,116.75891,,,44.66,
2020,PA,WNT,onshore wind turbine,0.0,3748.207,0.0,32.88302,31.5,
2020,PA,NG,natural gas,0.0,120766.85996,0.0,884.81205,,1401.1
2020,CO,WNT,onshore wind turbine,0.0,13386.228,0.0,117.43737,37.8,
2020,FL,NUC,nuclear,0.0,29419.352,0.0,307.31391,,167.0
2020,DE,COW,all coal products,0.0,102.27417,0.0,1.95604,,4.7
2020,WI,COW,all coal products,4.96,23761.09713,0.36,245.70773,,463.3
2020,KS,WNT,onshore wind turbine,0.0,23963.744,0.0,210.23393,15.0,
2020,KS,PET,petroleum,0.0,74.85656,0.0,1.02379,,10.6
2020,CT,WNT,onshore wind turbine,0.0,12.184,0.0,0.10689,,
2020,HI,WNT,onshore wind turbine,0.0,592.23773,0.0,5.1957,,
2020,IN,COW,all coal products,8.85,47772.88493,2.75,524.85138,,1092.4
2020,AL,NUC,nuclear,0.0,43550.647,0.0,454.92911,,306.0
2020,AK,TSN,estimated total solar,,6.72397,,,,
2020,AK,PET,petroleum,0.0,985.80196,0.0,9.66427,,68.0
2020,VT,NG,natural gas,0.0,2.02087,0.0,0.10674,,0.0
2020,VA,NG,natural gas,0.0,62623.07016,0.0,500.7104,,1119.6
2020,VA,COW,all coal products,15.87,3762.79507,1.4,44.46974,,98.8
2020,FL,PET,petroleum,0.41,1702.03681,5.25,18.61305,,55.3
2020,NM,PET,petroleum,0.0,32.51667,0.0,0.38065,,5.1
2020,NM,NG,natural gas,0.0,12001.90769,0.0,103.89003,,164.7
2020,NY,WNT,onshore wind turbine,0.0,4521.726,0.0,39.66911,59.0,
2020,MT,WNT,onshore wind turbine,0.0,3058.58,0.0,26.83292,27.822222222222223,
2020,MT,PET,petroleum,0.0,457.21054,0.0,7.80266,,13.5
2020,KY,TSN,estimated total solar,,93.73462,,,32.44528571428572,
2020,MD,TSN,estimated total solar,,1521.63344,,,32.08857142857143,
2020,ND,TSN,estimated total solar,,0.81583,,,32.802,
2020,NE,COW,all coal products,4.69,18788.64747,0.24,209.43939,,245.8
2020,DE,PET,petroleum,0.0,8.0614,0.0,0.13028,,1.4
2020,MN,TSN,estimated total solar,,1773.38214,,,32.802,
2020,IN,PET,petroleum,0.0,113.47343,0.0,1.3404,,13.5
2020,PA,TSN,estimated total solar,,729.02956,,,32.08857142857143,
2020,NC,WNT,onshore wind turbine,0.0,546.267,0.0,4.7924,31.5,
2020,NC,COW,all coal products,9.28,20793.28877,1.6,222.38816,,542.8
2020,MT,COW,all coal products,9.23,8490.28403,0.69,96.98796,,216.4
2020,MA,WNT,onshore wind turbine,0.0,238.27483,0.0,2.09038,,
2020,CT,TSN,estimated total solar,,948.83825,,,44.66,
2020,GA,TSN,estimated total solar,,4109.26607,,,27.4775,
2020,GA,PET,petroleum,0.0,206.52143,2.1,6.5027,,6.5
2020,OK,PET,petroleum,0.0,26.45243,0.0,0.31249,,2.5
2020,AZ,COW,all coal products,10.46,13747.25305,0.67,150.3124,,322.0
2020,PA,NUC,nuclear,0.0,76521.394,0.0,799.34082,,513.3
2020,SC,COW,all coal products,8.97,12459.09319,1.74,134.43155,,419.0
2020,VA,NUC,nuclear,0.0,30140.054,0.0,314.84235,,178.7
2020,MI,WNT,onshore wind turbine,0.0,6735.092,0.0,59.08697,31.083333333333336,
2020,MI,COW,all coal products,5.14,27961.02937,0.57,304.55481,,614.1
2020,CT,PET,petroleum,0.0,32.5869,0.0,0.8136,,4.9
2020,CT,NUC,nuclear,0.0,15714.855,0.0,164.15703,,101.8
2020,MO,NUC,nuclear,0.0,7742.12,0.0,80.88673,,68.1
2020,RI,WNT,onshore wind turbine,0.0,94.506,0.0,0.82911,,
2020,IA,PET,petroleum,0.59,111.11059,5.89,4.04578,,7.3
2020,ME,PET,petroleum,0.0,36.91358,0.87,0.9029,,4.5
2020,ME,COW,all coal products,6.07,55.48017,0.59,1.65874,,4.1
2020,SD,COW,all coal products,5.22,1648.2221,0.64,18.44104,,34.5
2020,CA,TSN,estimated total solar,,47679.87321,,,27.54384615384615,
2020,CA,NG,natural gas,0.0,92046.68508,0.0,783.29235,,2070.6
2020,SC,NG,natural gas,0.0,24227.92982,0.0,195.4558,,510.3
2020,MT,NG,natural gas,0.0,290.79568,0.0,4.02791,,6.2
2019,MA,WNT,onshore wind turbine,0.0,210.81692,0.0,1.87739,39.0,
2019,MA,NUC,nuclear,0.0,2177.204,0.0,22.73359,,15.6
2019,HI,WNT,onshore wind turbine,0.0,529.31,0.0,4.71351,,
2019,TN,WNT,onshore wind turbine,0.0,37.976,0.0,0.33818,27.833333333333332,
2019,AR,NG,natural gas,0.0,21772.4002,0.0,176.91991,,426.2
2019,NJ,NUC,nuclear,0.0,26637.324,0.0,278.25235,,183.9
2019,NJ,PET,petroleum,0.0,142.42328,0.0,0.9723,,6.0
2019,NJ,NG,natural gas,0.0,40449.13314,0.0,313.66247,,845.0
2019,UT,TSN,estimated total solar,,2646.03144,,,22.132777777777775,
2019,LA,NUC,nuclear,0.0,13981.335,0.0,146.09538,,93.8
2019,LA,COW,all coal products,7.1,7418.81416,0.53,87.48716,,272.2
2019,OR,TSN,estimated total solar,,902.93575,,,22.132777777777775,
2019,NM,COW,all coal products,21.69,14691.66505,0.85,150.01003,,373.4
2019,NC,WNT,onshore wind turbine,0.0,523.139,0.0,4.65855,27.833333333333332,
2019,NC,COW,all coal products,9.68,30672.10113,1.74,316.71296,,859.7
2019,NM,PET,petroleum,0.0,183.60122,0.0,3.87451,,76.9
2019,NM,NG,natural gas,0.0,11803.19183,0.0,107.88828,,134.5
2019,ME,WNT,onshore wind turbine,0.0,2493.932,0.0,22.20846,39.0,
2019,NY,NUC,nuclear,0.0,44865.018,0.0,468.46447,,313.1
2019,TN,PET,petroleum,0.0,139.60037,0.0,1.62989,,22.2
2019,NE,NUC,nuclear,0.0,6951.6,0.0,72.58612,,49.8
2019,OR,NG,natural gas,0.0,20932.33415,0.0,158.20829,,334.3
2019,MD,PET,petroleum,0.0,67.26853,0.0,1.10156,,14.6
2019,ND,PET,petroleum,0.0,33.58654,0.0,0.40065,,5.7
2019,LA,NG,natural gas,0.0,69522.95401,0.0,675.47004,,952.3
2019,OR,COW,all coal products,5.01,2569.15953,0.24,26.24437,,59.6
2019,MI,TSN,estimated total solar,,252.62434,,,36.105666666666664,
2019,MA,NG,natural gas,0.0,15406.57306,0.0,134.64316,,507.4
2019,LA,TSN,estimated total solar,,242.19842,,,43.309,
2019,TN,NG,natural gas,0.0,16955.1531,0.0,153.93229,,338.4
2019,DE,WNT,onshore wind turbine,0.0,5.27,0.0,0.04693,35.666666666666664,
2019,MD,TSN,estimated total solar,,1459.67074,,,31.203333333333333,
2019,CT,TSN,estimated total solar,,738.37033,,,45.04,
2019,SC,COW,all coal products,9.24,14861.49529,1.85,156.83979,,501.1
2019,MO,NG,natural gas,0.0,7674.80432,0.0,73.63317,,172.5
2019,MO,COW,all coal products,4.83,55686.28528,0.29,566.29794,,942.6
2019,CT,WNT,onshore wind turbine,0.0,12.215,0.0,0.10878,39.0,
2019,KY,PET,petroleum,0.0,50.35915,0.0,0.98387,,14.3
2019,WV,WNT,onshore wind turbine,0.0,1631.098,0.0,14.52493,35.666666666666664,
2019,WV,NG,natural gas,0.0,2243.35364,0.0,25.40625,,38.5
2019,ID,COW,all coal products,0.0,21.00847,0.0,1.24375,,0.0
2019,OH,PET,petroleum,0.0,844.4938,0.0,18.22204,,41.9
2019,NJ,COW,all coal products,7.67,1041.5285,1.73,13.77976,,42.4
2019,AR,NUC,nuclear,0.0,13574.947,0.0,141.8678,,95.9
2019,UT,WNT,onshore wind turbine,0.0,818.684,0.0,7.29038,24.555555555555557,
2019,MT,NG,natural gas,0.0,507.21282,0.0,6.12377,,9.0
2019,NH,NG,natural gas,0.0,3582.51635,0.0,26.77055,,197.4
2019,MS,NG,natural gas,0.0,48780.50475,0.0,380.17479,,1016.5
2019,RI,PET,petroleum,0.0,11.03313,0.0,0.19645,,1.3
2019,CO,NG,natural gas,0.0,17097.11593,0.0,146.65899,,448.9
2019,VT,WNT,onshore wind turbine,0.0,377.478,0.0,3.36144,39.0,
2019,IA,TSN,estimated total solar,,175.88332,,,43.309,
2019,IA,NUC,nuclear,0.0,5235.716,0.0,54.66947,,37.5
2019,CA,PET,petroleum,0.0,50.95293,0.0,0.59528,,5.8
2019,CA,NUC,nuclear,0.0,16165.384,0.0,168.84086,,113.6
2019,HI,TSN,estimated total solar,,1380.59245,,,,
2019,GA,NUC,nuclear,0.0,33591.181,0.0,350.7471,,271.6
2019,MN,TSN,estimated total solar,,1353.13232,,,43.309,
2019,RI,TSN,estimated total solar,,234.63246,,,45.04,
2019,RI,NG,natural gas,0.0,7141.02551,0.0,56.16391,,170.6
2019,WI,PET,petroleum,0.53,142.8276,5.93,2.10664,,11.6
2019,AZ,WNT,onshore wind turbine,0.0,554.374,0.0,4.9367,24.555555555555557,
2019,NM,TSN,estimated total solar,,1666.53614,,,33.87138888888889,
2019,MI,PET,petroleum,0.27,915.18845,5.53,16.44526,,29.3
2019,MI,NUC,nuclear,0.0,32909.275,0.0,343.62688,,200.0
2019,MO,PET,petroleum,0.0,97.14451,0.0,1.4426,,17.7
2019,MS,COW,all coal products,9.66,4414.33994,0.43,50.4625,,148.5
2019,MT,COW,all coal products,9.98,14100.66166,0.69,157.13166,,303.4
2019,MS,PET,petroleum,0.0,13.70324,0.0,0.20588,,2.0
2019,WA,NUC,nuclear,0.0,8866.499,0.0,92.58081,,63.5
2019,ID,TSN,estimated total solar,,614.97363,,,22.132777777777775,
2019,ID,NG,natural gas,0.0,4266.6843,0.0,40.96547,,128.5
2019,FL,COW,all coal products,8.27,21248.19437,2.41,225.10409,,632.3
2019,WY,PET,petroleum,0.0,43.72968,0.0,0.46967,,6.8
2019,WY,COW,all coal products,6.86,35375.82818,0.43,397.60713,,617.4
2019,DE,PET,petroleum,0.0,18.71833,0.0,0.21227,,2.9
2019,PA,TSN,estimated total solar,,575.11965,,,31.203333333333333,
2019,SD,PET,petroleum,0.0,13.63777,0.0,0.19535,,2.7
2019,DC,NG,natural gas,0.0,110.12304,0.0,2.07738,,0.0
2019,IA,COW,all coal products,4.86,22159.20264,0.34,265.03884,,341.8
2019,WA,NG,natural gas,0.0,15728.67334,0.0,130.14365,,382.2
2019,WA,COW,all coal products,8.43,7170.10162,0.39,80.80718,,180.2
2019,NH,COW,all coal products,6.99,343.01544,1.84,4.18193,,14.0
2019,MD,NG,natural gas,0.0,14605.26136,0.0,113.63409,,312.9
2019,NE,NG,natural gas,0.0,1276.85556,0.0,12.9854,,38.0
2019,IN,WNT,onshore wind turbine,0.0,6216.03,0.0,55.35375,29.416666666666664,
2019,IN,TSN,estimated total solar,,450.13763,,,36.105666666666664,
2019,NH,PET,petroleum,0.0,30.08994,0.0,0.75151,,2.7
2019,AK,WNT,onshore wind turbine,0.0,142.59093,0.0,1.26977,,
2019,VA,NUC,nuclear,0.0,29497.516,0.0,308.00251,,181.8
2019,OR,WNT,onshore wind turbine,0.0,6568.889,0.0,58.49595,24.555555555555557,
2019,OR,PET,petroleum,0.0,6.62328,0.0,0.08664,,1.0
2019,IL,WNT,onshore wind turbine,0.0,14459.59701,0.0,128.7627,29.416666666666664,
2019,IL,NUC,nuclear,0.0,98735.488,0.0,1030.96064,,691.8
2019,PA,PET,petroleum,0.0,185.32073,0.82,2.97879,,31.1
2019,KS,WNT,onshore wind turbine,0.0,21123.53876,0.0,188.10511,13.25,
2019,KS,PET,petroleum,0.0,78.14034,0.0,1.01324,,15.1
2019,MO,NUC,nuclear,0.0,9189.863,0.0,96.02786,,79.3
2019,AL,PET,petroleum,0.0,19.91985,0.0,0.41836,,2.5
2019,AZ,PET,petroleum,0.0,63.74791,0.0,0.7097,,12.1
2019,AZ,NUC,nuclear,0.0,31920.368,0.0,333.30106,,243.3
2019,AZ,NG,natural gas,0.0,46084.36665,0.0,369.44088,,787.5
2019,FL,PET,petroleum,0.36,1525.2838,5.3,16.44475,,76.4
2019,MN,COW,all coal products,5.98,17804.53786,0.34,200.07056,,376.2
2019,NY,NG,natural gas,0.0,47612.1335,0.0,418.11841,,1154.6
2018,NH,WNT,onshore wind turbine,0.0,406.659,0.0,3.70222,42.0,
2018,AL,NUC,nuclear,0.0,39462.827,0.0,412.56999,,306.8
2018,VA,NG,natural gas,0.0,50160.30086,0.0,402.33765,,1553.0
2018,VA,COW,all coal products,17.3,9266.27552,1.22,112.09407,,281.8
2018,LA,PET,petroleum,0.32,4377.79437,6.01,51.03664,,126.6
2018,OR,NG,natural gas,0.0,17922.77655,0.0,136.02457,,289.8
2018,WI,NUC,nuclear,0.0,10129.122,0.0,105.89641,,71.9
2018,TX,PET,petroleum,0.0,129.31292,0.0,5.11632,,10.1
2018,WA,WNT,onshore wind turbine,0.0,7900.094,0.0,71.92245,15.8,
2018,WA,PET,petroleum,0.0,23.65646,0.0,0.7673,,2.6
2018,FL,NUC,nuclear,0.0,29312.349,0.0,306.55343,,193.0
2018,OK,TSN,estimated total solar,,72.75905,,,64.55,
2018,IN,PET,petroleum,0.0,130.61654,0.0,1.63021,,20.2
2018,ME,PET,petroleum,0.0,189.10704,0.66,2.59888,,24.8
2018,ME,COW,all coal products,7.62,70.82781,0.75,2.1114,,6.1
2018,GA,NG,natural gas,0.0,51972.10992,0.0,405.46769,,1498.3
2018,NV,PET,petroleum,0.0,10.24522,0.0,0.1238,,2.3
2018,NV,COW,all coal products,7.27,2485.04578,0.37,28.14869,,86.5
2018,AK,COW,all coal products,8.42,628.56407,0.14,13.92752,,34.0
2018,UT,TSN,estimated total solar,,2618.09736,,,24.66478260869565,
2018,NV,NG,natural gas,0.0,26688.6115,0.0,210.93222,,655.5
2018,KS,WNT,onshore wind turbine,0.0,18907.502,0.0,172.13389,14.833333333333334,
2018,KS,PET,petroleum,0.0,52.01572,0.0,0.6831,,11.2
2018,IN,WNT,onshore wind turbine,0.0,5437.153,0.0,49.49984,24.0,
2018,IN,TSN,estimated total solar,,388.95137,,,37.49111111111111,
2018,KS,COW,all coal products,5.07,20473.98303,0.37,225.13772,,384.0
2018,NC,PET,petroleum,0.0,633.08106,1.45,7.86811,,118.8
2018,CO,WNT,onshore wind turbine,0.0,9745.15,0.0,88.71984,15.8,
2018,CO,PET,petroleum,0.0,11.88243,0.0,0.18278,,2.7
2018,NJ,TSN,estimated total solar,,2902.65516,,,34.21666666666667,
2018,MI,WNT,onshore wind turbine,0.0,5457.252,0.0,49.68283,24.0,
2018,MI,COW,all coal products,4.93,42330.86358,0.48,455.91404,,961.4
2018,HI,COW,all coal products,4.79,1311.20296,0.22,14.36709,,47.1
2018,NM,PET,petroleum,0.0,20.73676,0.0,0.23601,,4.7
2018,NM,NG,natural gas,0.0,11628.17718,0.0,103.72372,,249.0
2018,AZ,COW,all coal products,10.29,30744.62287,0.61,324.95803,,790.4
2018,WI,COW,all coal products,4.98,33322.37949,0.32,355.09498,,779.9
2018,WA,TSN,estimated total solar,,151.25903,,,24.66478260869565,
2018,OR,WNT,onshore wind turbine,0.0,7447.442,0.0,67.80151,15.8,
2018,OR,PET,petroleum,0.0,4.85631,0.0,0.05069,,0.9
2018,TN,WNT,onshore wind turbine,0.0,41.009,0.0,0.37335,30.0,
2018,MS,NG,natural gas,0.0,49481.81055,0.0,385.34526,,1213.0
2018,CT,NG,natural gas,0.0,20006.45748,0.0,153.62491,,653.2
2018,PA,WNT,onshore wind turbine,0.0,3566.917,0.0,32.47321,30.0,
2018,IN,COW,all coal products,8.46,77455.22874,2.69,829.51598,,1748.9
2018,TX,WNT,onshore wind turbine,0.0,75700.43368,0.0,689.17675,16.416666666666668,
2018,HI,TSN,estimated total solar,,1213.27543,,,,
2018,SD,COW,all coal products,5.3,2339.33668,0.35,24.5991,,46.0
2018,CA,COW,all coal products,10.18,281.32814,0.44,14.57309,,0.0
2018,IA,TSN,estimated total solar,,137.63567,,,52.657777777777774,
2018,IA,NUC,nuclear,0.0,4895.399,0.0,51.17968,,38.1
2018,IL,TSN,estimated total solar,,161.44392,,,37.49111111111111,
2018,WI,NG,natural gas,0.0,16798.65559,0.0,151.98589,,424.7
2018,AR,NUC,nuclear,0.0,12720.818,0.0,133.03955,,107.7
2018,NJ,COW,all coal products,7.67,1193.28794,1.64,16.73182,,58.7
2018,OR,COW,all coal products,4.88,1476.39096,0.25,15.49453,,36.3
2018,DE,TSN,estimated total solar,,159.50382,,,34.21666666666667,
2018,DE,NG,natural gas,0.0,5400.15488,0.0,49.77631,,115.3
2018,MN,PET,petroleum,0.0,46.57365,0.0,0.60907,,7.2
2018,NE,WNT,onshore wind turbine,0.0,5549.106,0.0,50.51907,14.833333333333334,
2018,NE,COW,all coal products,5.17,23305.20823,0.3,257.45102,,308.3
2018,CO,NG,natural gas,0.0,16398.43941,0.0,138.88123,,500.9
2018,ME,NG,natural gas,0.0,2330.71691,0.0,22.66913,,67.5
2018,NM,WNT,onshore wind turbine,0.0,6091.551,0.0,55.45748,15.316666666666666,
2018,MO,NUC,nuclear,0.0,10655.279,0.0,111.3972,,95.1
2018,NM,TSN,estimated total solar,,1599.00841,,,44.60739130434782,
2018,NY,NUC,nuclear,0.0,42919.011,0.0,448.70318,,319.8
2018,MA,NG,natural gas,0.0,18385.82124,0.0,156.29167,,656.5
2018,MI,PET,petroleum,0.29,1213.51219,5.61,17.43065,,41.7
2018,MI,NUC,nuclear,0.0,30478.694,0.0,318.64404,,201.6
2018,MO,PET,petroleum,0.0,99.75467,0.0,1.30512,,18.0
2018,KS,NUC,nuclear,0.0,9168.289,0.0,95.93228,,56.0
2018,KS,NG,natural gas,0.0,3005.7153,0.0,34.34717,,94.2
2018,CA,PET,petroleum,0.0,68.87836,0.0,0.78567,,6.5
2018,CA,NUC,nuclear,0.0,18213.519,0.0,190.41594,,129.1
2018,OH,WNT,onshore wind turbine,0.0,1750.022,0.0,15.9322,30.0,
2018,OH,TSN,estimated total solar,,272.01981,,,34.21666666666667,
2018,OH,NUC,nuclear,0.0,18315.007,0.0,191.47696,,137.6
2018,OK,WNT,onshore wind turbine,0.0,27338.228,0.0,248.88723,14.833333333333334,
2018,SD,WNT,onshore wind turbine,0.0,2835.002,0.0,25.80986,16.416666666666668,
2018,SD,TSN,estimated total solar,,2.61598,,,52.657777777777774,
2018,WI,WNT,onshore wind turbine,0.0,1637.658,0.0,14.90924,18.0,
2018,MT,COW,all coal products,9.57,13360.02622,0.69,149.91654,,297.7
2018,DE,PET,petroleum,0.0,200.82391,0.5,2.0063,,28.9
2018,MI,TSN,estimated total solar,,197.35429,,,37.49111111111111,
2018,DC,NG,natural gas,0.0,22.77009,0.0,0.80701,,0.0
2018,NC,WNT,onshore wind turbine,0.0,542.772,0.0,4.9414,30.0,
2018,NC,COW,all coal products,9.54,31690.46872,1.78,322.89844,,985.4
2018,NV,WNT,onshore wind turbine,0.0,312.348,0.0,2.84362,15.8,
2018,NV,TSN,estimated total solar,,5214.96662,,,24.66478260869565,
2018,MD,WNT,onshore wind turbine,0.0,569.984,0.0,5.18914,30.0,
2018,VT,PET,petroleum,0.0,3.13161,0.0,0.06722,,0.7
2018,MD,TSN,estimated total solar,,1245.54708,,,34.21666666666667,
2018,LA,TSN,estimated total solar,,230.14058,,,52.657777777777774,
2018,ID,WNT,onshore wind turbine,0.0,2655.052,0.0,24.1716,15.8,
2018,MN,TSN,estimated total solar,,1122.74925,,,52.657777777777774,
2018,TX,COW,all coal products,8.69,111722.64276,0.55,1178.55865,,2070.7
2018,IL,WNT,onshore wind turbine,0.0,11898.98376,0.0,108.32835,24.0,
2018,IL,NUC,nuclear,0.0,98101.527,0.0,1025.61699,,737.0
2018,FL,PET,petroleum,0.37,2077.35849,5.22,23.26869,,144.2
2018,NE,TSN,estimated total solar,,37.74694,,,64.55,
2018,NE,PET,petroleum,0.0,12.47361,0.0,0.19913,,3.4
2018,RI,WNT,onshore wind turbine,0.0,41.24353,0.0,0.37548,42.0,
2018,AK,NG,natural gas,0.0,2947.90206,0.0,26.14216,,170.6
2018,VT,TSN,estimated total solar,,237.10099,,,,
2018,PA,TSN,estimated total solar,,478.87842,,,34.21666666666667,
2018,WY,PET,petroleum,0.0,40.13569,0.0,0.42737,,6.9
2018,WY,COW,all coal products,6.94,39679.287,0.45,443.74167,,712.9
2018,OR,TSN,estimated total solar,,776.37379,,,24.66478260869565,
2018,SD,PET,petroleum,0.0,6.39619,0.0,0.11725,,2.0
2018,WA,NUC,nuclear,0.0,9708.441,0.0,101.49834,,75.6
2018,WV,TSN,estimated total solar,,9.54303,,,34.21666666666667,
2018,WV,PET,petroleum,0.1,158.88497,0.2,1.67045,,27.7
2018,KY,TSN,estimated total solar,,71.14056,,,37.49111111111111,
2018,ID,COW,all coal products,0.0,20.33815,0.0,1.19096,,0.0
2018,KS,TSN,estimated total solar,,34.78101,,,64.55,
2018,OH,PET,petroleum,0.0,1315.74638,0.0,27.39174,,65.7
2018,IA,PET,petroleum,0.42,110.56531,5.74,2.93266,,12.2
2018,AZ,TSN,estimated total solar,,7405.58712,,,24.66478260869565,
2018,WY,WNT,onshore wind turbine,0.0,4057.158,0.0,36.93637,15.8,
2018,IN,NG,natural gas,0.0,26816.99487,0.0,246.64306,,675.0
2018,IL,PET,petroleum,0.0,53.11078,0.0,0.62116,,10.0
2018,IL,NG,natural gas,0.0,17240.91879,0.0,161.39047,,481.1
2018,ID,PET,petroleum,0.0,0.05722,0.0,0.00071,,0.0
2018,VT,NG,natural gas,0.0,1.79663,0.0,0.09486,,0.0
2018,MD,COW,all coal products,9.9,10066.92366,2.32,116.29334,,284.3
2018,PA,NG,natural gas,0.0,76390.85858,0.0,584.27782,,1707.1
2018,IA,WNT,onshore wind turbine,0.0,21334.05656,0.0,194.22525,16.416666666666668,
2018,ND,TSN,estimated total solar,,0.36102,,,52.657777777777774,
2018,NH,NUC,nuclear,0.0,10061.696,0.0,105.1915,,71.4
2018,MA,TSN,estimated total solar,,3061.62126,,,,
2018,FL,COW,all coal products,8.29,30272.20083,2.55,318.97821,,905.6
2018,MN,COW,all coal products,6.11,23455.35648,0.34,259.00754,,530.2
2018,HI,PET,petroleum,0.0,6748.94719,0.37,69.58525,,911.2
2018,MS,PET,petroleum,0.0,27.30957,0.0,0.37806,,4.2
2018,MS,COW,all coal products,9.67,5280.04337,0.55,60.01486,,161.3
2018,TX,NG,natural gas,0.0,239713.0839,0.0,2173.65389,,5211.0
2018,TN,PET,petroleum,0.0,129.55539,0.0,1.37248,,21.1
2018,CT,WNT,onshore wind turbine,0.0,12.295,0.0,0.11193,42.0,
2018,HI,WNT,onshore wind turbine,0.0,601.934,0.0,5.48001,,
2018,AZ,WNT,onshore wind turbine,0.0,530.19,0.0,4.82685,15.8,
2018,NJ,WNT,onshore wind turbine,0.0,22.596,0.0,0.20572,30.0,
2018,VT,WNT,onshore wind turbine,0.0,373.346,0.0,3.39894,42.0,
2018,MT,NG,natural gas,0.0,476.37012,0.0,5.96933,,6.9
2018,OH,COW,all coal products,9.24,58726.96224,3.59,604.4452,,1066.7
2018,AR,TSN,estimated total solar,,225.17928,,,52.657777777777774,
2018,AR,PET,petroleum,0.0,35.51712,0.0,0.45244,,5.3
2018,TX,TSN,estimated total solar,,3921.31139,,,46.04851851851851,
2018,TX,NUC,nuclear,0.0,41185.739,0.0,430.58243,,292.2
2018,PA,PET,petroleum,0.0,625.64677,0.63,9.51231,,122.1
2018,CT,COW,all coal products,2.0,329.70082,0.09,4.02334,,15.6
2018,NC,NUC,nuclear,0.0,42076.949,0.0,439.89972,,271.1
2018,NC,NG,natural gas,0.0,43445.74927,0.0,348.22827,,1462.4
2018,OK,NG,natural gas,0.0,41612.98556,0.0,338.3226,,919.1
2018,WA,NG,natural gas,0.0,10535.0778,0.0,90.09476,,245.2
2018,WA,COW,all coal products,9.36,5382.86613,0.36,61.13697,,140.1
2018,KY,NG,natural gas,0.0,14614.99877,0.0,122.23375,,423.0
2018,GA,COW,all coal products,6.45,32180.55494,1.44,338.6929,,911.5
2018,SD,NG,natural gas,0.0,1167.71882,0.0,9.81496,,27.7
2018,MO,NG,natural gas,0.0,7050.05538,0.0,68.75548,,214.4
2018,ND,NG,natural gas,0.0,1019.27285,0.0,11.70641,,29.8
2018,UT,WNT,onshore wind turbine,0.0,794.555,0.0,7.23363,15.8,
2018,WV,WNT,onshore wind turbine,0.0,1769.984,0.0,16.11393,30.0,
2018,WV,NG,natural gas,0.0,1420.39044,0.0,18.51816,,37.1
2018,DE,COW,all coal products,7.87,273.38813,2.57,4.29649,,11.3
2018,AR,NG,natural gas,0.0,20623.70469,0.0,169.00899,,515.0
2018,IA,COW,all coal products,4.87,28552.99859,0.34,323.85475,,455.1
2018,LA,NG,natural gas,0.0,61781.77399,0.0,613.82169,,1023.7
2018,IL,COW,all coal products,8.26,59641.9239,1.04,674.57406,,1102.3
2018,ME,TSN,estimated total solar,,67.5105,,,,
2018,KY,COW,all coal products,8.37,59168.14328,2.55,635.91483,,1245.1
2018,CA,WNT,onshore wind turbine,0.0,14023.9508,0.0,127.67405,42.333333333333336,
2018,ME,WNT,onshore wind turbine,0.0,2384.295,0.0,21.70662,42.0,
2018,GA,NUC,nuclear,0.0,34362.676,0.0,359.2497,,282.3
2018,WI,PET,petroleum,0.43,137.51133,5.99,2.03347,,10.9
2017,IA,COW,all coal products,4.81,25358.22958,0.35,296.98388,,419.0
2017,NV,NG,natural gas,0.0,26625.90415,0.0,207.42151,,689.9
2017,NC,TSN,estimated total solar,,5299.65601,,,63.1885,
2017,NC,PET,petroleum,0.0,251.38133,1.45,3.2037,,35.0
2017,NJ,TSN,estimated total solar,,2586.49378,,,90.225,
2017,NY,NG,natural gas,0.0,47271.75602,0.0,419.37169,,1333.8
2017,OR,NG,natural gas,0.0,15066.37851,0.0,116.56462,,268.7
2017,UT,NG,natural gas,0.0,5870.85163,0.0,51.86981,,140.9
2017,UT,PET,petroleum,0.0,38.41294,0.0,0.38265,,5.6
2017,FL,NG,natural gas,0.0,161104.58841,0.0,1247.89186,,5091.9
2017,NE,NG,natural gas,0.0,629.35409,0.0,6.58607,,26.1
2017,WA,NUC,nuclear,0.0,8128.259,0.0,85.0145,,64.2
2017,HI,PET,petroleum,0.0,6633.59616,0.45,68.25767,,717.2
2017,FL,PET,petroleum,0.37,1462.88406,3.98,16.2095,,94.5
2017,AL,TSN,estimated total solar,,188.70746,,,36.152,
2017,AL,COW,all coal products,7.29,31440.40111,0.82,318.13524,,684.1
2017,RI,WNT,onshore wind turbine,0.0,44.551,0.0,0.41044,,
2017,OK,TSN,estimated total solar,,38.31167,,,,
2017,WI,NUC,nuclear,0.0,9648.979,0.0,100.91991,,72.1
2017,TX,COW,all coal products,8.78,134648.35789,0.54,1439.46557,,2510.7
2017,ME,TSN,estimated total solar,,46.34116,,,82.18875,
2017,WY,WNT,onshore wind turbine,0.0,4320.655,0.0,39.80619,30.166666666666668,
2017,KS,NUC,nuclear,0.0,10647.987,0.0,111.36866,,71.2
2017,VT,NG,natural gas,0.0,1.80734,0.0,0.08352,,0.0
2017,OR,COW,all coal products,4.76,1728.1047,0.24,17.77025,,41.2
2017,OK,WNT,onshore wind turbine,0.0,23598.843,0.0,217.41614,15.25,
2017,SD,WNT,onshore wind turbine,0.0,2958.302,0.0,27.25483,20.775,
2017,SD,TSN,estimated total solar,,2.89105,,,33.553333333333335,
2017,PA,WNT,onshore wind turbine,0.0,3590.565,0.0,33.07988,45.0,
2017,PA,NG,natural gas,0.0,72503.44753,0.0,569.94426,,1395.3
2017,MA,PET,petroleum,0.0,265.50728,0.5,3.17068,,29.6
2017,AZ,TSN,estimated total solar,,6834.51746,,,33.92666666666667,
2017,MO,PET,petroleum,0.0,60.71975,0.0,0.77421,,9.7
2017,TX,PET,petroleum,0.0,163.71061,0.0,2.86099,,9.8
2017,IA,WNT,onshore wind turbine,0.0,21372.75248,0.0,196.90717,20.775,
2017,TN,NUC,nuclear,0.0,31817.502,0.0,333.69182,,237.8
2017,TN,COW,all coal products,7.12,27715.28404,1.55,320.56275,,671.7
2017,KY,NG,natural gas,0.0,10379.62837,0.0,89.81051,,309.1
2017,KY,COW,all coal products,8.28,57236.50896,2.46,616.88854,,1227.1
2017,KS,TSN,estimated total solar,,21.97867,,,,
2017,KS,COW,all coal products,5.06,19389.77097,0.37,214.31141,,367.9
2017,IN,NG,natural gas,0.0,17975.9169,0.0,173.89748,,450.5
2017,IN,COW,all coal products,8.49,72384.95664,2.68,769.90647,,1650.5
2017,DE,COW,all coal products,7.68,358.7971,2.41,4.80439,,12.9
2017,FL,NUC,nuclear,0.0,29146.219,0.0,304.84402,,210.5
2017,SD,NG,natural gas,0.0,654.34764,0.0,6.0635,,18.6
2017,MO,WNT,onshore wind turbine,0.0,2032.318,0.0,18.72375,20.775,
2017,ME,PET,petroleum,0.0,132.39144,1.98,2.16978,,17.5
2017,ME,COW,all coal products,6.88,67.93538,1.11,2.11364,,7.4
2017,TN,PET,petroleum,0.0,123.66345,0.0,1.47888,,17.3
2017,MN,WNT,onshore wind turbine,0.0,11137.272,0.0,102.60769,20.775,
2017,IL,PET,petroleum,0.0,51.14593,0.0,0.60608,,8.0
2017,IL,NG,natural gas,0.0,15016.20963,0.0,166.11247,,471.9
2017,DE,TSN,estimated total solar,,142.63587,,,90.225,
2017,DE,NG,natural gas,0.0,6723.18839,0.0,59.51402,,123.2
2017,TX,NG,natural gas,0.0,204511.99567,0.0,1876.3562,,4358.1
2017,WA,WNT,onshore wind turbine,0.0,6925.15525,0.0,63.80146,30.166666666666668,
2017,WA,PET,petroleum,0.0,23.11654,0.0,0.71156,,2.8
2017,WI,TSN,estimated total solar,,76.99422,,,33.553333333333335,
2017,AL,NUC,nuclear,0.0,42651.973,0.0,446.10243,,331.2
2017,MD,COW,all coal products,10.43,8514.00866,2.27,98.95752,,252.8
2017,AK,TSN,estimated total solar,,1.81797,,,,
2017,AK,PET,petroleum,0.0,880.68236,0.0,8.79397,,81.4
2017,CA,WNT,onshore wind turbine,0.0,12822.94833,0.0,118.13782,43.0,
2017,ME,NG,natural gas,0.0,2237.06807,0.0,20.55444,,51.5
2017,VA,NG,natural gas,0.0,44506.88545,0.0,352.73831,,1090.0
2017,VA,COW,all coal products,16.6,10726.42243,1.12,124.15227,,315.9
2017,ID,PET,petroleum,0.0,0.16961,0.0,0.00201,,0.0
2017,IA,PET,petroleum,1.8,146.71931,5.84,2.59349,,9.1
2017,CO,WNT,onshore wind turbine,0.0,9314.66295,0.0,85.81599,30.166666666666668,
2017,CO,PET,petroleum,0.0,7.24864,0.0,0.12183,,1.5
2017,NE,WNT,onshore wind turbine,0.0,5084.084,0.0,46.83967,15.25,
2017,NE,COW,all coal products,5.06,21173.56278,0.27,226.16491,,291.9
2017,GA,NG,natural gas,0.0,52722.49977,0.0,402.01487,,1324.9
2017,NV,WNT,onshore wind turbine,0.0,361.364,0.0,3.32925,30.166666666666668,
2017,NV,TSN,estimated total solar,,4557.87283,,,33.92666666666667,
2017,AK,NG,natural gas,0.0,3234.86849,0.0,29.77472,,204.8
2017,OH,WNT,onshore wind turbine,0.0,1588.56,0.0,14.63541,45.0,
2017,OH,TSN,estimated total solar,,234.12827,,,90.225,
2017,OH,NUC,nuclear,0.0,17687.789,0.0,184.99884,,136.4
2017,ND,TSN,estimated total solar,,0.31857,,,33.553333333333335,
2017,MT,TSN,estimated total solar,,28.83123,,,33.74,
2017,NJ,NUC,nuclear,0.0,34032.698,0.0,355.95233,,261.2
2017,NE,TSN,estimated total solar,,20.65482,,,,
2017,NE,PET,petroleum,0.0,5.64128,0.0,0.09505,,1.2
2017,NY,WNT,onshore wind turbine,0.0,4135.951,0.0,38.10452,61.0,
2017,NY,PET,petroleum,0.0,597.89332,0.4,7.43661,,57.8
2017,LA,NG,natural gas,0.0,59001.09205,0.0,582.73257,,937.8
2017,NY,COW,all coal products,7.95,770.29615,2.27,11.37078,,14.7
2017,NM,PET,petroleum,0.0,40.85025,0.0,0.45582,,6.7
2017,NM,NG,natural gas,0.0,9131.65514,0.0,80.16431,,270.1
2017,NH,NUC,nuclear,0.0,9990.704,0.0,104.49405,,74.7
2017,ND,NG,natural gas,0.0,676.03109,0.0,8.50398,,28.9
2017,NM,WNT,onshore wind turbine,0.0,4594.57108,0.0,42.32978,22.708333333333336,
2017,CO,TSN,estimated total solar,,1485.13282,,,33.92666666666667,
2017,CO,COW,all coal products,6.35,29242.21643,0.34,311.19485,,547.0
2017,MD,PET,petroleum,0.0,102.15655,0.51,1.56802,,17.4
2017,MD,NUC,nuclear,0.0,15106.988,0.0,158.00592,,112.9
2017,ME,WNT,onshore wind turbine,0.0,2332.853,0.0,21.49257,,
2017,TN,TSN,estimated total solar,,179.11028,,,63.1885,
2017,PA,COW,all coal products,14.36,47634.27101,2.9,506.12077,,942.9
2017,LA,PET,petroleum,0.37,4569.75282,5.76,54.59931,,111.5
2017,NJ,PET,petroleum,0.0,156.36378,0.0,1.03601,,4.5
2017,NJ,NG,natural gas,0.0,37707.84769,0.0,293.99409,,780.1
2017,MN,NUC,nuclear,0.0,13904.351,0.0,145.42738,,114.4
2017,MN,NG,natural gas,0.0,6707.59241,0.0,59.47741,,196.4
2017,SC,TSN,estimated total solar,,217.33171,,,36.152,
2017,SC,PET,petroleum,0.0,97.65136,0.94,1.39097,,13.6
2017,SC,NUC,nuclear,0.0,54344.554,0.0,568.44105,,395.9
2017,MI,WNT,onshore wind turbine,0.0,5191.273,0.0,47.8272,35.65,
2017,MI,COW,all coal products,4.96,42020.54769,0.47,448.56537,,969.8
2017,NM,TSN,estimated total solar,,1396.94291,,,33.92666666666667,
2017,HI,WNT,onshore wind turbine,0.0,532.055,0.0,4.90183,,
2017,KY,PET,petroleum,0.28,497.77006,5.52,5.82981,,21.2
2017,NH,PET,petroleum,0.0,104.89563,0.0,1.42763,,11.1
2017,NH,COW,all coal products,8.4,287.28107,0.48,3.61711,,15.7
2017,VT,TSN,estimated total solar,,210.10644,,,82.18875,
2017,MT,COW,all coal products,9.74,13864.09933,0.68,152.31481,,266.6
2017,MS,PET,petroleum,0.0,11.46034,0.0,0.20485,,1.7
2017,MS,COW,all coal products,9.53,4628.22956,0.72,53.77892,,143.1
2017,PA,TSN,estimated total solar,,427.02185,,,90.225,
2017,MO,NG,natural gas,0.0,5205.28502,0.0,51.75849,,157.6
2017,MO,COW,all coal products,4.73,67518.94313,0.28,689.51539,,1286.3
2017,NC,COW,all coal products,9.48,34460.16678,1.72,347.24256,,996.2
2017,CT,WNT,onshore wind turbine,0.0,12.706,0.0,0.11706,,
2017,MN,COW,all coal products,5.89,22781.8977,0.35,253.14236,,492.2
2017,MT,NG,natural gas,0.0,416.52131,0.0,5.36249,,8.6
2017,OR,WNT,onshore wind turbine,0.0,6226.593,0.0,57.36561,30.166666666666668,
2017,OR,PET,petroleum,0.0,10.39432,0.0,0.10724,,1.3
2017,OK,PET,petroleum,0.0,16.05411,0.0,0.17163,,2.3
2017,AK,COW,all coal products,7.01,555.70678,0.12,12.82681,,28.4
2017,UT,COW,all coal products,12.5,26389.56749,0.58,266.12781,,516.5
2017,GA,COW,all coal products,6.52,32487.05788,1.49,342.7464,,930.3
2017,HI,COW,all coal products,5.03,1375.72395,0.2,14.94841,,46.0
2017,AZ,WNT,onshore wind turbine,0.0,569.934,0.0,5.2508,30.166666666666668,
2017,ND,WNT,onshore wind turbine,0.0,11359.233,0.0,104.65262,20.775,
2017,NC,NUC,nuclear,0.0,42374.264,0.0,443.19784,,297.0
2017,NC,NG,natural gas,0.0,38589.79418,0.0,294.84367,,1161.5
2017,LA,TSN,estimated total solar,,202.30842,,,33.553333333333335,
2017,WA,TSN,estimated total solar,,116.40221,,,33.92666666666667,
2017,MA,NG,natural gas,0.0,22152.55816,0.0,182.6069,,609.5
2017,MD,TSN,estimated total solar,,1002.01546,,,90.225,
2017,SD,PET,petroleum,0.0,3.03071,0.0,0.08756,,1.0
2017,PA,PET,petroleum,0.0,355.41832,1.39,4.97071,,41.7
2017,MO,NUC,nuclear,0.0,8304.127,0.0,86.9777,,75.6
2017,CA,NG,natural gas,0.0,88350.1583,0.0,799.78301,,2259.7
2017,GA,NUC,nuclear,0.0,33708.805,0.0,352.56469,,280.5
2017,UT,WNT,onshore wind turbine,0.0,858.252,0.0,7.90708,30.166666666666668,
2017,MN,PET,petroleum,0.0,35.15202,0.0,0.47731,,4.3
2017,VA,TSN,estimated total solar,,378.94297,,,90.225,
2017,NY,TSN,estimated total solar,,1364.37928,,,,
2017,NJ,WNT,onshore wind turbine,0.0,22.447,0.0,0.20681,45.0,
2017,MO,TSN,estimated total solar,,260.55357,,,33.553333333333335,
2017,WY,PET,petroleum,0.0,43.84608,0.0,0.46574,,6.2
2017,VA,NUC,nuclear,0.0,30553.734,0.0,319.5654,,211.0
2017,DC,TSN,estimated total solar,,52.00219,,,90.225,
2017,ID,WNT,onshore wind turbine,0.0,2544.675,0.0,23.44409,30.166666666666668,
2017,NV,PET,petroleum,0.0,8.74633,0.0,0.10838,,1.3
2017,NV,COW,all coal products,6.01,1865.59152,0.33,21.495,,66.2
2017,TN,NG,natural gas,0.0,10268.36115,0.0,97.56693,,230.5
2017,IN,WNT,onshore wind turbine,0.0,5089.39,0.0,46.88855,35.65,
2017,IN,TSN,estimated total solar,,312.68882,,,61.88916666666667,
2017,WI,PET,petroleum,0.44,144.39547,5.98,2.052,,8.3
2017,DE,WNT,onshore wind turbine,0.0,4.965,0.0,0.04574,45.0,
2017,SC,COW,all coal products,8.99,18151.74449,1.63,186.87118,,614.2
2017,OR,TSN,estimated total solar,,372.80198,,,33.92666666666667,
2017,CA,TSN,estimated total solar,,34958.1664,,,33.72,
2017,NC,WNT,onshore wind turbine,0.0,470.743,0.0,4.33695,32.5,
2017,DC,NG,natural gas,0.0,19.704,0.0,0.69671,,0.0
2017,MS,NG,natural gas,0.0,46158.47285,0.0,358.4359,,1104.4
2017,FL,COW,all coal products,8.38,37512.76195,2.23,398.19638,,1158.7
2016,ME,NG,natural gas,0.0,3498.33952,0.0,30.54693,,73.6
2016,VT,NG,natural gas,0.0,1.96543,0.0,0.0871,,0.0
2016,MS,PET,petroleum,0.0,17.78528,0.0,0.26801,,1.8
2016,OR,COW,all coal products,4.32,1898.20212,0.23,19.4397,,43.7
2016,SD,TSN,estimated total solar,,1.08369,,,,
2016,SD,WNT,onshore wind turbine,0.0,3714.259,0.0,34.29004,25.0375,
2016,TN,PET,petroleum,0.0,121.58146,0.0,1.45635,,14.2
2016,TX,TSN,estimated total solar,,1122.21066,,,36.79,
2016,OK,PET,petroleum,0.0,17.26129,0.0,0.1899,,2.2
2016,AR,PET,petroleum,0.0,42.36325,0.0,0.55163,,4.3
2016,CT,COW,all coal products,2.0,177.37048,0.09,2.34025,,9.5
2016,CT,NUC,nuclear,0.0,16575.492,0.0,173.35489,,123.1
2016,WI,COW,all coal products,5.37,33362.84056,0.44,351.49855,,747.9
2016,MA,NG,natural gas,0.0,21143.93601,0.0,173.88876,,514.7
2016,GA,TSN,estimated total solar,,1075.62208,,,51.52,
2016,NH,WNT,onshore wind turbine,0.0,432.324,0.0,3.99122,47.0,
2016,DE,TSN,estimated total solar,,118.51245,,,50.153333333333336,
2016,WY,WNT,onshore wind turbine,0.0,4389.338,0.0,40.52237,42.5,
2016,CA,WNT,onshore wind turbine,0.0,13509.03869,0.0,124.71546,49.666666666666664,
2016,ME,COW,all coal products,8.05,69.8231,0.84,2.19358,,7.2
2016,IN,NG,natural gas,0.0,19995.65949,0.0,208.17705,,533.4
2016,VA,COW,all coal products,15.04,16499.41236,1.06,188.47763,,508.3
2016,MI,TSN,estimated total solar,,64.13293,,,50.153333333333336,
2016,NV,TSN,estimated total solar,,3496.20844,,,41.1525,
2016,AL,NUC,nuclear,0.0,39901.879,0.0,417.37991,,289.3
2016,FL,NUC,nuclear,0.0,29320.022,0.0,306.66341,,198.6
2016,VT,WNT,onshore wind turbine,0.0,291.182,0.0,2.6882,47.0,
2016,MI,COW,all coal products,5.2,40526.87245,0.55,436.75187,,974.2
2016,MI,WNT,onshore wind turbine,0.0,4695.783,0.0,43.35146,32.93333333333333,
2016,WI,WNT,onshore wind turbine,0.0,1515.261,0.0,13.98889,26.2,
2016,OK,WNT,onshore wind turbine,0.0,20069.08905,0.0,185.27783,23.875,
2016,AL,PET,petroleum,0.0,45.83237,0.0,1.08997,,3.7
2016,KS,NUC,nuclear,0.0,8246.042,0.0,86.29843,,56.8
2016,VT,TSN,estimated total solar,,134.7047,,,,
2016,MN,COW,all coal products,6.17,23206.28901,0.37,256.2621,,496.9
2016,MA,TSN,estimated total solar,,1862.78093,,,,
2016,MS,COW,all coal products,10.28,5342.02601,0.67,61.21853,,164.4
2016,WV,COW,all coal products,11.91,71512.96099,2.99,724.05952,,1619.7
2016,AK,WNT,onshore wind turbine,0.0,169.301,0.0,1.56299,,
2016,AK,PET,petroleum,0.0,831.32964,0.0,8.03266,,67.0
2016,ME,TSN,estimated total solar,,29.33418,,,,
2016,KY,COW,all coal products,8.36,66822.05835,2.5,715.76263,,1512.3
2016,NV,NG,natural gas,0.0,28921.61161,0.0,228.42409,,633.9
2016,IA,TSN,estimated total solar,,59.58491,,,,
2016,NY,TSN,estimated total solar,,1013.03993,,,92.1525,
2016,NM,COW,all coal products,22.62,18365.26988,0.78,195.27457,,370.6
2016,NJ,NG,natural gas,0.0,43807.45314,0.0,347.6845,,719.4
2016,HI,TSN,estimated total solar,,848.45124,,,,
2016,IA,WNT,onshore wind turbine,0.0,20071.999,0.0,185.30469,25.0375,
2016,MT,PET,petroleum,0.0,459.92271,0.0,8.03881,,13.7
2016,MT,WNT,onshore wind turbine,0.0,2140.19124,0.0,19.75824,30.858333333333334,
2016,NY,NUC,nuclear,0.0,41570.99,0.0,434.77046,,299.0
2016,CT,PET,petroleum,0.0,91.73454,0.0,1.27512,,7.5
2016,IA,PET,petroleum,0.0,277.7727,0.0,3.11578,,10.3
2016,NE,NG,natural gas,0.0,537.90976,0.0,6.20804,,19.2
2016,RI,WNT,onshore wind turbine,0.0,20.219,0.0,0.18666,47.0,
2016,WI,PET,petroleum,0.51,147.11125,5.89,2.77455,,6.7
2016,WV,NG,natural gas,0.0,1224.56666,0.0,15.57505,,26.7
2016,MO,NUC,nuclear,0.0,9430.179,0.0,98.62559,,87.6
2016,NH,NG,natural gas,0.0,4744.43602,0.0,35.45904,,141.6
2016,MS,NG,natural gas,0.0,50094.73867,0.0,385.70185,,1058.2
2016,MA,COW,all coal products,8.46,1874.93165,0.61,20.01558,,81.5
2016,ND,PET,petroleum,0.0,30.10856,0.0,0.36757,,3.2
2016,NJ,COW,all coal products,7.32,1314.54106,1.57,17.45498,,56.0
2016,KY,TSN,estimated total solar,,32.0918,,,50.153333333333336,
2016,NV,PET,petroleum,0.0,10.98519,0.0,0.12533,,1.5
2016,MI,PET,petroleum,0.3,818.97889,5.72,15.00627,,24.5
2016,GA,NUC,nuclear,0.0,34480.662,0.0,360.61622,,290.9
2016,MO,COW,all coal products,4.75,60321.88991,0.27,623.8305,,1164.2
2016,MN,TSN,estimated total solar,,47.0142,,,,
2016,MA,NUC,nuclear,0.0,5414.318,0.0,56.62568,,37.7
2016,MA,WNT,onshore wind turbine,0.0,216.12315,0.0,1.99525,47.0,
2016,WI,TSN,estimated total solar,,37.2949,,,,
2016,VT,PET,petroleum,0.0,4.01674,0.0,0.09254,,0.4
2016,NH,TSN,estimated total solar,,51.50588,,,,
2016,MS,NUC,nuclear,0.0,5897.272,0.0,62.0954,,30.5
2016,MS,TSN,estimated total solar,,6.36286,,,51.52,
2016,MO,NG,natural gas,0.0,6031.56828,0.0,56.98609,,153.5
2016,OR,PET,petroleum,0.0,4.84988,0.0,0.04948,,0.5
2016,IL,TSN,estimated total solar,,85.76092,,,50.153333333333336,
2016,LA,PET,petroleum,0.34,4819.22454,5.76,57.29805,,81.9
2016,NM,TSN,estimated total solar,,908.68414,,,41.1525,
2016,AZ,WNT,onshore wind turbine,0.0,541.582,0.0,4.99989,42.5,
2016,CO,NG,natural gas,0.0,12679.43938,0.0,105.35619,,327.6
2016,WI,NG,natural gas,0.0,15472.75935,0.0,136.34161,,338.0
2016,NM,NG,natural gas,0.0,9957.55288,0.0,86.89963,,249.5
2016,NM,PET,petroleum,0.0,51.68271,0.0,0.56943,,6.6
2016,MO,WNT,onshore wind turbine,0.0,1121.883,0.0,10.35722,25.0375,
2016,OR,WNT,onshore wind turbine,0.0,7157.128,0.0,66.07461,42.5,
2016,ND,TSN,estimated total solar,,0.28948,,,,
2016,NH,NUC,nuclear,0.0,10761.163,0.0,112.54569,,79.9
2016,NJ,TSN,estimated total solar,,2220.06293,,,50.153333333333336,
2016,NM,WNT,onshore wind turbine,0.0,3605.421,0.0,33.28524,33.1875,
2016,CA,COW,all coal products,10.57,318.87581,0.52,15.0819,,0.0
2016,KS,PET,petroleum,0.0,28.32368,0.0,0.38397,,4.0
2016,KS,WNT,onshore wind turbine,0.0,14110.881,0.0,130.27165,23.875,
2016,WA,PET,petroleum,0.0,22.018,0.0,0.85286,,1.7
2016,WA,WNT,onshore wind turbine,0.0,8041.847,0.0,74.24232,42.5,
2016,ME,WNT,onshore wind turbine,0.0,1667.103,0.0,15.39069,47.0,
2016,AK,NG,natural gas,0.0,3040.4873,0.0,29.00679,,187.7
2016,KS,TSN,estimated total solar,,10.54583,,,,
2016,IL,NG,natural gas,0.0,17484.69119,0.0,167.48964,,419.7
2016,IL,PET,petroleum,0.0,69.50297,0.0,0.81976,,8.5
2016,AL,COW,all coal products,7.19,34258.40552,0.7,349.42667,,801.6
2016,MA,PET,petroleum,0.0,422.28141,0.5,4.22924,,23.3
2016,TX,NG,natural gas,0.0,225976.26025,0.0,2047.12802,,4096.0
2016,OK,TSN,estimated total solar,,9.39275,,,,
2016,MN,PET,petroleum,0.0,32.02741,0.0,0.46186,,4.0
2016,CT,WNT,onshore wind turbine,0.0,12.742,0.0,0.11764,47.0,
2016,NV,WNT,onshore wind turbine,0.0,343.865,0.0,3.17456,42.5,
2016,AK,TSN,estimated total solar,,1.19792,,,,
2016,VA,NG,natural gas,0.0,40904.84316,0.0,333.52989,,955.1
2016,AZ,COW,all coal products,10.51,30403.3921,0.61,319.80977,,681.1
2016,MT,TSN,estimated total solar,,10.94603,,,41.1525,
2016,CT,TSN,estimated total solar,,344.4716,,,,
2016,HI,PET,petroleum,0.0,6640.3161,0.46,68.32142,,555.3
2016,OR,NG,natural gas,0.0,15306.66112,0.0,117.61649,,263.0
2016,NC,TSN,estimated total solar,,3588.57085,,,50.83666666666667,
2016,ND,NG,natural gas,0.0,1071.10726,0.0,13.06374,,30.5
2016,WA,COW,all coal products,9.43,4601.72629,0.43,53.23042,,115.5
2016,IL,WNT,onshore wind turbine,0.0,10663.434,0.0,98.44483,32.93333333333333,
2016,HI,WNT,onshore wind turbine,0.0,639.127,0.0,5.90042,,
2016,AR,NUC,nuclear,0.0,13421.022,0.0,140.40961,,94.5
2016,AZ,NUC,nuclear,0.0,32377.477,0.0,338.62005,,280.1
2016,SD,NG,natural gas,0.0,918.56139,0.0,7.85244,,19.4
2016,WA,NG,natural gas,0.0,10982.19547,0.0,95.58062,,299.9
2016,TX,NUC,nuclear,0.0,42079.445,0.0,440.08813,,312.4
2016,TN,COW,all coal products,7.08,31167.63357,1.69,360.68095,,734.8
2016,TN,NUC,nuclear,0.0,29578.086,0.0,309.62091,,219.6
2016,DC,NG,natural gas,0.0,22.70203,0.0,0.84469,,0.0
2016,NJ,NUC,nuclear,0.0,29885.187,0.0,312.6282,,215.5
2016,AZ,TSN,estimated total solar,,5369.24594,,,41.1525,
2016,WV,WNT,onshore wind turbine,0.0,1432.154,0.0,13.22165,39.666666666666664,
2016,VA,NUC,nuclear,0.0,29731.895,0.0,310.95121,,202.8
2016,MI,NG,natural gas,0.0,29295.15386,0.0,283.41807,,682.2
2016,NY,NG,natural gas,0.0,56793.33613,0.0,506.21883,,1303.9
2016,ID,COW,all coal products,0.0,29.18826,0.0,1.60094,,0.0
2016,MD,COW,all coal products,9.4,13826.21331,2.41,155.76263,,429.6
2016,NV,COW,all coal products,6.83,2166.83075,0.37,24.32,,49.1
2016,NJ,PET,petroleum,0.0,146.12623,0.0,1.3401,,3.8
2016,UT,TSN,estimated total solar,,1203.27424,,,41.1525,
2016,DE,COW,all coal products,7.57,479.34983,2.49,5.85922,,16.1
2016,CA,NG,natural gas,0.0,97073.66393,0.0,841.19101,,2104.6
2016,CA,TSN,estimated total solar,,27036.92953,,,38.28181818181818,
2016,CO,COW,all coal products,6.55,29948.67505,0.35,315.96409,,581.4
2016,CO,TSN,estimated total solar,,999.12099,,,41.1525,
2016,KS,COW,all coal products,5.06,23096.06386,0.35,250.84008,,425.9
2016,KY,NG,natural gas,0.0,8228.33386,0.0,73.90455,,218.5
2016,RI,TSN,estimated total solar,,44.25972,,,,
2016,SC,COW,all coal products,8.86,21002.91354,1.66,216.6622,,681.3
2016,WY,NG,natural gas,0.0,788.14262,0.0,14.00842,,14.4
2016,WY,TSN,estimated total solar,,3.4112,,,41.1525,
2016,WV,PET,petroleum,0.0,122.66876,0.0,1.24333,,14.2
2016,WV,TSN,estimated total solar,,5.66117,,,50.153333333333336,
2016,NC,WNT,onshore wind turbine,0.0,6.233,0.0,0.05754,39.666666666666664,
2016,DE,NG,natural gas,0.0,7787.4685,0.0,70.98023,,112.1
2016,SC,NUC,nuclear,0.0,55825.916,0.0,583.85569,,399.5
2016,SC,PET,petroleum,0.0,113.86187,1.06,1.69916,,10.8
2016,PA,NG,natural gas,0.0,68048.64607,0.0,539.7629,,972.2
2016,IL,COW,all coal products,8.5,59337.80188,1.09,670.01633,,1223.3
2016,TX,PET,petroleum,0.0,196.42194,0.0,3.16582,,9.3
2016,MO,PET,petroleum,0.0,78.01586,0.0,0.94615,,9.8
2016,SC,NG,natural gas,0.0,16366.85418,0.0,141.15864,,450.2
2016,UT,COW,all coal products,12.71,25939.44311,0.61,261.17226,,496.5
2016,UT,PET,petroleum,0.0,31.55202,0.0,0.31691,,3.7
2016,DE,WNT,onshore wind turbine,0.0,5.321,0.0,0.04912,39.666666666666664,
2016,IA,COW,all coal products,4.97,25198.34695,0.33,299.08529,,397.4
2016,NE,PET,petroleum,0.0,-17.93989,0.0,0.09234,,1.0
2016,CO,PET,petroleum,0.0,6.97451,0.0,0.11259,,1.0
2016,KS,NG,natural gas,0.0,2027.20704,0.0,25.80653,,71.0
2016,LA,NG,natural gas,0.0,66479.14169,0.0,641.31563,,912.3
2016,LA,COW,all coal products,8.73,12013.64898,0.52,136.42977,,398.9
2016,LA,NUC,nuclear,0.0,17151.826,0.0,179.38248,,104.7
2016,FL,NG,natural gas,0.0,158495.44478,0.0,1241.24376,,4560.4
2016,OK,NG,natural gas,0.0,36529.0857,0.0,297.74196,,800.5
2016,WY,COW,all coal products,7.15,40026.8739,0.45,446.36336,,712.4
2016,WY,PET,petroleum,0.0,55.63557,0.0,1.07664,,4.9
