Year,State,fuelTypeDescription,Generation_MWh,Expenditure_USD,Price_per_MWh
2016,AK,natural gas,3040487.3,187700000.0,61.733525412192975
2016,AK,petroleum,831329.64,67000000.0,80.59378226908883
2016,AL,all coal products,34258405.52,801600000.0,23.398637147079924
2016,AL,nuclear,39901879.0,289300000.0,7.250285130682693
2016,AL,petroleum,45832.369999999995,3700000.0,80.72896950343176
2016,AR,nuclear,13421022.0,94500000.0,7.041192541074741
2016,AR,petroleum,42363.25,4300000.0,101.50307164818564
2016,AZ,all coal products,30403392.1,681100000.0,22.40210558610662
2016,AZ,nuclear,32377477.0,280100000.0,8.651075560952448
2016,CA,all coal products,318875.81,0.0,0.0
2016,CA,natural gas,97073663.92999999,2104600000.0,21.68044261229937
2016,CO,all coal products,29948675.05,581400000.0,19.4132127391058
2016,CO,natural gas,12679439.379999999,327600000.0,25.83710447929915
2016,CO,petroleum,6974.51,1000000.0,143.37924814789855
2016,CT,all coal products,177370.47999999998,9500000.0,53.560209117097735
2016,CT,nuclear,16575491.999999998,123100000.0,7.426627215650673
2016,CT,petroleum,91734.54,7500000.0,81.75764548445984
2016,DC,natural gas,22702.03,0.0,0.0
2016,DE,all coal products,479349.83,16100000.000000002,33.587161176212376
2016,DE,natural gas,7787468.5,112100000.0,14.394921790052827
2016,FL,natural gas,158495444.78,4560400000.0,28.7730666728629
2016,FL,nuclear,29320022.0,198600000.0,6.773528341827301
2016,GA,nuclear,34480662.0,290900000.0,8.436612962941373
2016,HI,petroleum,6640316.1,555300000.0,83.62553704333443
2016,IA,all coal products,25198346.95,397400000.0,15.770875795485466
2016,IA,petroleum,277772.7,10300000.0,37.08067783479082
2016,ID,all coal products,29188.26,0.0,0.0
2016,IL,all coal products,59337801.88,1223300000.0,20.615863096410337
2016,IL,natural gas,17484691.19,419700000.0,24.003855454995882
2016,IL,petroleum,69502.97,8500000.0,122.29693205916236
2016,IN,natural gas,19995659.49,533400000.0,26.675789326516483
2016,KS,all coal products,23096063.86,425900000.0,18.44037159672107
2016,KS,natural gas,2027207.04,71000000.0,35.023556350711964
2016,KS,nuclear,8246041.999999999,56800000.0,6.888153128494859
2016,KS,petroleum,28323.68,4000000.0,141.22458663563492
2016,KY,all coal products,66822058.35000001,1512300000.0,22.631748218213932
2016,KY,natural gas,8228333.86,218500000.0,26.554586106694508
2016,LA,all coal products,12013648.98,398900000.0,33.20390005268824
2016,LA,natural gas,66479141.690000005,912300000.0,13.723101363946023
2016,LA,nuclear,17151826.0,104700000.0,6.10430632866728
2016,LA,petroleum,4819224.54,81900000.0,16.994435374451342
2016,MA,all coal products,1874931.65,81500000.0,43.46825122931815
2016,MA,natural gas,21143936.01,514700000.00000006,24.342676772979885
2016,MA,nuclear,5414318.0,37700000.0,6.9630191651099915
2016,MA,petroleum,422281.41,23300000.0,55.176475800817286
2016,MD,all coal products,13826213.309999999,429600000.0,31.071414158588592
2016,ME,all coal products,69823.09999999999,7200000.0,103.11773610739141
2016,ME,natural gas,3498339.52,73600000.0,21.038552598805506
2016,MI,all coal products,40526872.45,974200000.0,24.038371112942862
2016,MI,natural gas,29295153.86,682200000.0,23.28712807791343
2016,MI,petroleum,818978.89,24500000.0,29.91530099145779
2016,MN,all coal products,23206289.01,496900000.0,21.41229904470624
2016,MN,petroleum,32027.410000000003,4000000.0,124.89302132142436
2016,MO,all coal products,60321889.91,1164200000.0,19.299793188459137
2016,MO,natural gas,6031568.28,153500000.0,25.449434189278545
2016,MO,nuclear,9430179.0,87600000.0,9.289325260952099
2016,MO,petroleum,78015.86,9800000.0,125.61548382598103
2016,MS,all coal products,5342026.01,164400000.0,30.774840798650473
2016,MS,natural gas,50094738.67,1058200000.0,21.12397485434372
2016,MS,nuclear,5897272.0,30500000.0,5.171882863805502
2016,MS,petroleum,17785.28,1800000.0,101.20729052339914
2016,MT,petroleum,459922.71,13700000.0,29.78761366230426
2016,ND,natural gas,1071107.26,30500000.0,28.47520611521203
2016,ND,petroleum,30108.56,3200000.0,106.28206729249091
2016,NE,natural gas,537909.76,19200000.0,35.69371933314614
2016,NE,petroleum,-17939.89,1000000.0,
2016,NH,natural gas,4744436.0200000005,141600000.0,29.845486250228745
2016,NH,nuclear,10761163.0,79900000.0,7.424848039194277
2016,NJ,all coal products,1314541.06,56000000.0,42.60041903902187
2016,NJ,natural gas,43807453.14,719400000.0,16.42186314052404
2016,NJ,nuclear,29885187.0,215500000.0,7.210930284625624
2016,NJ,petroleum,146126.22999999998,3800000.0,26.00491369687701
2016,NM,all coal products,18365269.88,370600000.0,20.179393083876644
2016,NM,natural gas,9957552.879999999,249500000.0,25.056357019316177
2016,NM,petroleum,51682.71,6600000.0,127.70228186563746
2016,NV,all coal products,2166830.75,49100000.0,22.659822415756285
2016,NV,natural gas,28921611.61,633900000.0,21.91786573127278
2016,NV,petroleum,10985.189999999999,1500000.0,136.54747892389665
2016,NY,natural gas,56793336.13,1303900000.0,22.958679465762877
2016,NY,nuclear,41570990.0,299000000.0,7.19251574234821
2016,OK,natural gas,36529085.7,800500000.0,21.91404423790437
2016,OK,petroleum,17261.289999999997,2200000.0,127.45281494025072
2016,OR,all coal products,1898202.1199999999,43700000.0,23.021784424094946
2016,OR,natural gas,15306661.120000001,263000000.0,17.18206197538134
2016,OR,petroleum,4849.88,500000.0,103.09533431755013
2016,PA,natural gas,68048646.07000001,972200000.0,14.286838256854093
2016,SC,all coal products,21002913.540000003,681300000.0,32.43835664525618
2016,SC,natural gas,16366854.18,450200000.0,27.506813163285603
2016,SC,nuclear,55825916.0,399500000.0,7.156174562366339
2016,SC,petroleum,113861.87,10800000.0,94.85177083425734
2016,SD,natural gas,918561.39,19400000.0,21.11998197529291
2016,TN,all coal products,31167633.57,734800000.0,23.575739183075875
2016,TN,nuclear,29578086.0,219600000.0,7.4244154946334255
2016,TN,petroleum,121581.46,14200000.0,116.79412305132706
2016,TX,natural gas,225976260.25,4096000000.0,18.12579779605411
2016,TX,nuclear,42079445.0,312400000.0,7.424052289663041
2016,TX,petroleum,196421.94,9300000.0,47.347052981963216
2016,UT,all coal products,25939443.11,496500000.0,19.1407347449411
2016,UT,petroleum,31552.02,3700000.0,117.26665994760398
2016,VA,all coal products,16499412.359999998,508300000.0,30.80715778898201
2016,VA,natural gas,40904843.16,955100000.0,23.349313338376827
2016,VA,nuclear,29731895.0,202800000.0,6.820957762698947
2016,VT,natural gas,1965.43,0.0,0.0
2016,VT,petroleum,4016.7400000000002,400000.0,99.5832441233438
2016,WA,all coal products,4601726.29,115500000.0,25.09927638481949
2016,WA,natural gas,10982195.47,299900000.0,27.307836654267817
2016,WA,petroleum,22018.0,1700000.0,77.20955581796711
2016,WI,all coal products,33362840.56,747900000.0,22.4171559569387
2016,WI,natural gas,15472759.35,338000000.0,21.844843079007752
2016,WI,petroleum,147111.25,6700000.0,45.54376364825939
2016,WV,all coal products,71512960.99000001,1619700000.0,22.649041202845595
2016,WV,natural gas,1224566.66,26700000.0,21.80363133518595
2016,WV,petroleum,122668.76000000001,14200000.0,115.75889411452434
2016,WY,all coal products,40026873.9,712400000.0,17.79804242968872
2016,WY,natural gas,788142.62,14400000.0,18.270804844940375
2016,WY,petroleum,55635.57,4900000.0,88.07315176244262
2017,AK,all coal products,555706.78,28400000.0,51.106088718226545
2017,AK,natural gas,3234868.4899999998,204800000.0,63.31014711513049
2017,AK,petroleum,880682.36,81400000.0,92.42833023248019
2017,AL,all coal products,31440401.11,684100000.0,21.758628256889946
2017,AL,nuclear,42651973.0,331200000.0,7.765174192527975
2017,CA,natural gas,88350158.3,2259700000.0,25.57663781797661
2017,CO,all coal products,29242216.43,547000000.0,18.705832415590258
2017,CO,petroleum,7248.64,1500000.0,206.93536994525869
2017,DC,natural gas,19704.0,0.0,0.0
2017,DE,all coal products,358797.1,12900000.0,35.95346785132879
2017,DE,natural gas,6723188.390000001,123200000.0,18.324638973860434
2017,FL,all coal products,37512761.95,1158700000.0,30.88815485099198
2017,FL,natural gas,161104588.41,5091900000.0,31.606176150870812
2017,FL,nuclear,29146219.0,210500000.0,7.2222060775704735
2017,FL,petroleum,1462884.06,94500000.0,64.59842073882464
2017,GA,all coal products,32487057.88,930300000.0,28.636018793586118
2017,GA,natural gas,52722499.77,1324900000.0,25.129688572807215
2017,GA,nuclear,33708805.0,280500000.0,8.321267989179681
2017,HI,all coal products,1375723.95,46000000.0,33.436940601346656
2017,HI,petroleum,6633596.16,717200000.0,108.11631921832274
2017,IA,all coal products,25358229.58,419000000.0,16.523235531019278
2017,IA,petroleum,146719.31,9100000.0,62.02319244821967
2017,ID,petroleum,169.61,0.0,0.0
2017,IL,natural gas,15016209.629999999,471900000.0,31.42603970160478
2017,IL,petroleum,51145.93,8000000.0,156.41518298718978
2017,IN,all coal products,72384956.64,1650500000.0,22.801699090718692
2017,IN,natural gas,17975916.9,450500000.0,25.06130855555969
2017,KS,all coal products,19389770.970000003,367900000.0,18.97392189774792
2017,KS,nuclear,10647987.0,71200000.0,6.686709891738222
2017,KY,all coal products,57236508.96,1227100000.0,21.439113291440687
2017,KY,natural gas,10379628.370000001,309100000.0,29.779486218734434
2017,KY,petroleum,497770.06,21200000.0,42.58994604858316
2017,LA,natural gas,59001092.05,937800000.0,15.894621055577565
2017,LA,petroleum,4569752.819999999,111500000.0,24.399569165318663
2017,MA,natural gas,22152558.16,609500000.0,27.513752389128136
2017,MA,petroleum,265507.27999999997,29600000.0,111.48470203905521
2017,MD,all coal products,8514008.66,252800000.0,29.69224135132604
2017,MD,nuclear,15106988.0,112900000.0,7.473362658393586
2017,MD,petroleum,102156.55,17400000.0,170.3268170273957
2017,ME,all coal products,67935.37999999999,7400000.0,108.92704213916227
2017,ME,natural gas,2237068.07,51500000.0,23.02120382058826
2017,ME,petroleum,132391.44,17500000.0,132.18377260644647
2017,MI,all coal products,42020547.69,969800000.0,23.079185144242942
2017,MN,all coal products,22781897.700000003,492200000.0,21.604872714356887
2017,MN,natural gas,6707592.41,196400000.0,29.280252584697525
2017,MN,nuclear,13904351.0,114400000.0,8.227640398318483
2017,MN,petroleum,35152.02,4300000.0,122.3258293548991
2017,MO,all coal products,67518943.13,1286300000.0,19.050949857484834
2017,MO,natural gas,5205285.0200000005,157600000.0,30.276920359684738
2017,MO,nuclear,8304127.0,75600000.0,9.103907009129315
2017,MO,petroleum,60719.75,9700000.0,159.75032835280118
2017,MS,all coal products,4628229.56,143100000.0,30.91895035560855
2017,MS,natural gas,46158472.85,1104400000.0,23.926268175919514
2017,MS,petroleum,11460.34,1700000.0,148.33765839407906
2017,MT,all coal products,13864099.329999998,266600000.00000003,19.22952177810169
2017,MT,natural gas,416521.31000000006,8600000.0,20.647202900615095
2017,NC,all coal products,34460166.78,996200000.0,28.908739947775725
2017,NC,natural gas,38589794.18,1161500000.0,30.098631637739405
2017,NC,nuclear,42374264.0,297000000.0,7.008971294463073
2017,NC,petroleum,251381.33,35000000.0,139.23070579664767
2017,ND,natural gas,676031.09,28900000.0,42.749513191767555
2017,NE,all coal products,21173562.78,291900000.0,13.786059674176382
2017,NE,natural gas,629354.0900000001,26100000.0,41.47108982798538
2017,NE,petroleum,5641.28,1200000.0,212.71768109365252
2017,NH,all coal products,287281.07,15700000.0,54.65031162686772
2017,NH,nuclear,9990704.0,74700000.0,7.476950573252896
2017,NH,petroleum,104895.62999999999,11100000.0,105.81947026773184
2017,NJ,natural gas,37707847.690000005,780100000.0,20.688001246140598
2017,NJ,nuclear,34032698.0,261200000.0,7.674971875576835
2017,NJ,petroleum,156363.78,4500000.0,28.7790433308788
2017,NM,natural gas,9131655.14,270100000.0,29.57842755327705
2017,NM,petroleum,40850.25,6700000.0,164.01368412678013
2017,NV,all coal products,1865591.52,66200000.0,35.48472390140367
2017,NV,natural gas,26625904.15,689900000.0,25.91085719055291
2017,NV,petroleum,8746.33,1300000.0,148.63376982117072
2017,NY,all coal products,770296.15,14700000.0,19.083569351865513
2017,NY,natural gas,47271756.02,1333800000.0,28.215579709704212
2017,NY,petroleum,597893.3200000001,57800000.0,96.67276429848722
2017,OH,nuclear,17687789.0,136400000.0,7.711534776901737
2017,OK,petroleum,16054.11,2300000.0,143.26549400745353
2017,OR,all coal products,1728104.7000000002,41200000.0,23.84114805080965
2017,OR,natural gas,15066378.51,268700000.0,17.834411887478858
2017,OR,petroleum,10394.32,1300000.0,125.06830653664694
2017,PA,all coal products,47634271.01,942900000.0,19.79457184937404
2017,PA,natural gas,72503447.53,1395300000.0,19.2446021194049
2017,PA,petroleum,355418.32,41700000.0,117.32653510938884
2017,SC,all coal products,18151744.490000002,614200000.0,33.8369681403553
2017,SC,nuclear,54344554.0,395900000.0,7.284998603539925
2017,SC,petroleum,97651.36,13600000.0,139.2709737990336
2017,SD,natural gas,654347.6399999999,18600000.0,28.425257253162865
2017,SD,petroleum,3030.71,1000000.0,329.95568695124246
2017,TN,all coal products,27715284.04,671700000.0,24.23572491736224
2017,TN,natural gas,10268361.15,230500000.0,22.447593791537024
2017,TN,nuclear,31817502.0,237800000.0,7.4738739703701444
2017,TN,petroleum,123663.45,17300000.0,139.89582208809475
2017,TX,all coal products,134648357.89000002,2510700000.0,18.64634696882897
2017,TX,natural gas,204511995.67000002,4358100000.0,21.30975244617053
2017,TX,petroleum,163710.61000000002,9800000.0,59.86172796008761
2017,UT,all coal products,26389567.490000002,516500000.0,19.572128273633936
2017,UT,natural gas,5870851.63,140900000.0,23.99992520335589
2017,UT,petroleum,38412.94,5600000.0,145.78420709271407
2017,VA,all coal products,10726422.43,315900000.0,29.450639489684914
2017,VA,natural gas,44506885.45,1090000000.0,24.490592612339267
2017,VA,nuclear,30553734.0,211000000.0,6.905866235531146
2017,VT,natural gas,1807.34,0.0,0.0
2017,WA,nuclear,8128259.0,64200000.0,7.898370364428594
2017,WA,petroleum,23116.54,2800000.0,121.12539333308531
2017,WI,nuclear,9648979.0,72100000.0,7.472293182522213
2017,WI,petroleum,144395.47,8300000.000000001,57.48102762503561
2017,WY,petroleum,43846.08,6200000.0,141.40374692560886
2018,AK,all coal products,628564.0700000001,34000000.0,54.091542330760326
2018,AK,natural gas,2947902.06,170600000.0,57.87166484085974
2018,AL,nuclear,39462827.0,306800000.0,7.774405011582165
2018,AR,natural gas,20623704.689999998,515000000.0,24.97126523779759
2018,AR,nuclear,12720818.0,107700000.0,8.46643667097509
2018,AR,petroleum,35517.119999999995,5300000.0,149.22381093962576
2018,AZ,all coal products,30744622.87,790400000.0,25.7085605942253
2018,CA,all coal products,281328.14,0.0,0.0
2018,CA,nuclear,18213519.0,129100000.0,7.088141506317368
2018,CA,petroleum,68878.36,6500000.0,94.36926198591256
2018,CO,natural gas,16398439.409999998,500900000.0,30.545589581807654
2018,CO,petroleum,11882.43,2700000.0,227.22624917630483
2018,CT,all coal products,329700.82,15600000.0,47.3156239041201
2018,CT,natural gas,20006457.48,653200000.0,32.64945833878832
2018,DC,natural gas,22770.09,0.0,0.0
2018,DE,all coal products,273388.13,11300000.0,41.333177120747706
2018,DE,natural gas,5400154.88,115300000.0,21.35123946667248
2018,DE,petroleum,200823.91,28900000.0,143.90716722924077
2018,FL,all coal products,30272200.830000002,905600000.0,29.91523494065033
2018,FL,nuclear,29312349.0,193000000.0,6.584255666442836
2018,FL,petroleum,2077358.49,144200000.0,69.41507722145734
2018,GA,all coal products,32180554.94,911500000.0,28.32455815940631
2018,GA,natural gas,51972109.92,1498300000.0,28.828923865248377
2018,GA,nuclear,34362676.0,282300000.0,8.215308959057786
2018,HI,all coal products,1311202.96,47100000.0,35.92121238042355
2018,HI,petroleum,6748947.1899999995,911200000.0,135.01365092175214
2018,IA,all coal products,28552998.59,455100000.0,15.938781300517691
2018,IA,nuclear,4895399.0,38100000.0,7.782818111455266
2018,IA,petroleum,110565.31,12200000.0,110.34202318973284
2018,ID,all coal products,20338.149999999998,0.0,0.0
2018,ID,petroleum,57.22,0.0,0.0
2018,IL,all coal products,59641923.9,1102300000.0,18.48196583745683
2018,IL,natural gas,17240918.79,481100000.0,27.90454533542873
2018,IL,nuclear,98101527.0,737000000.0,7.512625160258718
2018,IL,petroleum,53110.78,10000000.0,188.2856926597576
2018,IN,all coal products,77455228.74000001,1748900000.0,22.57949564477653
2018,IN,natural gas,26816994.869999997,675000000.0,25.17060555338802
2018,IN,petroleum,130616.53999999998,20200000.0,154.65116439311595
2018,KS,all coal products,20473983.03,384000000.0,18.755510319478855
2018,KS,natural gas,3005715.3,94200000.0,31.340293606649972
2018,KS,nuclear,9168289.0,56000000.0,6.108009902392911
2018,KS,petroleum,52015.72,11200000.0,215.3195226366183
2018,KY,all coal products,59168143.279999994,1245100000.0,21.04341848463696
2018,KY,natural gas,14614998.77,423000000.0,28.942869353385515
2018,LA,natural gas,61781773.99,1023700000.0,16.569611616618456
2018,LA,petroleum,4377794.369999999,126600000.0,28.918672121185086
2018,MA,natural gas,18385821.240000002,656500000.0,35.706862991342774
2018,MD,all coal products,10066923.66,284300000.0,28.241000885865464
2018,ME,all coal products,70827.81,6100000.0,86.12436273266108
2018,ME,natural gas,2330716.91,67500000.0,28.961046152962435
2018,ME,petroleum,189107.04,24800000.0,131.14265867627137
2018,MI,all coal products,42330863.58,961400000.0,22.711561227260937
2018,MI,nuclear,30478694.0,201600000.0,6.61445664305695
2018,MI,petroleum,1213512.19,41700000.0,34.36306643116622
2018,MN,all coal products,23455356.479999997,530200000.00000006,22.604644719516116
2018,MN,petroleum,46573.65,7200000.0,154.59385296192158
2018,MO,natural gas,7050055.38,214400000.0,30.411108628766545
2018,MO,nuclear,10655279.0,95100000.0,8.92515343802823
2018,MO,petroleum,99754.67,18000000.0,180.44268002691
2018,MS,all coal products,5280043.37,161300000.0,30.548991494363424
2018,MS,natural gas,49481810.550000004,1213000000.0,24.51405853014002
2018,MS,petroleum,27309.57,4200000.0,153.79224206020086
2018,MT,all coal products,13360026.219999999,297700000.0,22.28289039989624
2018,MT,natural gas,476370.12,6900000.0,14.484535679945669
2018,NC,all coal products,31690468.720000003,985400000.0,31.09452273194399
2018,NC,natural gas,43445749.27,1462400000.0,33.66037010690505
2018,NC,nuclear,42076949.0,271100000.0,6.442957639347853
2018,NC,petroleum,633081.0599999999,118800000.0,187.6536947733044
2018,ND,natural gas,1019272.85,29800000.0,29.236528766561378
2018,NE,all coal products,23305208.23,308300000.0,13.2288026331872
2018,NE,petroleum,12473.61,3400000.0,272.5754613139259
2018,NH,nuclear,10061696.0,71400000.0,7.096219166232015
2018,NJ,all coal products,1193287.94,58700000.0,49.19181534676367
2018,NM,natural gas,11628177.18,249000000.0,21.413502404166152
2018,NM,petroleum,20736.760000000002,4700000.0,226.65064359138069
2018,NV,all coal products,2485045.78,86500000.0,34.80821186320359
2018,NV,natural gas,26688611.5,655500000.0,24.561037954334942
2018,NV,petroleum,10245.22,2300000.0,224.49493519904894
2018,NY,nuclear,42919011.0,319800000.0,7.451243459454366
2018,OH,all coal products,58726962.24,1066700000.0,18.163718321419513
2018,OH,nuclear,18315007.0,137600000.0,7.512964641509556
2018,OH,petroleum,1315746.3800000001,65700000.0,49.93363538647927
2018,OK,natural gas,41612985.56,919100000.0,22.086855524335995
2018,OR,all coal products,1476390.96,36300000.0,24.58698338277552
2018,OR,natural gas,17922776.549999997,289800000.0,16.169369695121265
2018,OR,petroleum,4856.3099999999995,900000.0,185.32589558739045
2018,PA,natural gas,76390858.58,1707100000.0,22.346914692839157
2018,PA,petroleum,625646.7699999999,122100000.0,195.1580442107933
2018,SD,all coal products,2339336.6799999997,46000000.0,19.66369372706113
2018,SD,natural gas,1167718.82,27700000.0,23.721464042174123
2018,SD,petroleum,6396.19,2000000.0,312.68614597127356
2018,TN,petroleum,129555.38999999998,21100000.0,162.86470211698642
2018,TX,all coal products,111722642.76,2070699999.9999998,18.53429124880468
2018,TX,natural gas,239713083.9,5211000000.0,21.738488009164527
2018,TX,nuclear,41185739.0,292200000.0,7.094688770790297
2018,TX,petroleum,129312.92,10100000.0,78.10511122941158
2018,VA,all coal products,9266275.52,281800000.0,30.411355607954125
2018,VA,natural gas,50160300.86,1553000000.0,30.960739337160348
2018,VT,natural gas,1796.6299999999999,0.0,0.0
2018,VT,petroleum,3131.6099999999997,700000.0,223.52719527655105
2018,WA,all coal products,5382866.13,140100000.0,26.02702660933535
2018,WA,natural gas,10535077.799999999,245200000.0,23.274626410447585
2018,WA,nuclear,9708441.0,75600000.0,7.787038104264114
2018,WA,petroleum,23656.46,2600000.0,109.90655406599298
2018,WI,all coal products,33322379.49,779900000.0,23.40469113960025
2018,WI,natural gas,16798655.59,424700000.0,25.281785064563014
2018,WI,nuclear,10129122.0,71900000.0,7.0983447528818395
2018,WI,petroleum,137511.33,10900000.0,79.26619573819845
2018,WV,natural gas,1420390.44,37100000.0,26.119578782859172
2018,WV,petroleum,158884.97,27700000.0,174.33996431506392
2018,WY,all coal products,39679287.0,712900000.0,17.96655267520306
2018,WY,petroleum,40135.689999999995,6900000.0,171.91681518369313
2019,AL,petroleum,19919.85,2500000.0,125.50295308448608
2019,AR,natural gas,21772400.2,426200000.0,19.57524186975031
2019,AR,nuclear,13574947.0,95900000.0,7.064484303327299
2019,AZ,natural gas,46084366.650000006,787500000.0,17.08822442935754
2019,AZ,nuclear,31920368.0,243300000.0,7.622092577378807
2019,AZ,petroleum,63747.909999999996,12100000.0,189.81014436394858
2019,CA,nuclear,16165384.0,113600000.0,7.027361676035658
2019,CA,petroleum,50952.93,5800000.0,113.83054909698029
2019,CO,natural gas,17097115.93,448900000.0,26.255890282192173
2019,DC,natural gas,110123.04000000001,0.0,0.0
2019,DE,petroleum,18718.33,2900000.0,154.92835098002865
2019,FL,all coal products,21248194.37,632300000.0,29.757822664345287
2019,FL,petroleum,1525283.7999999998,76400000.0,50.08903916766179
2019,GA,nuclear,33591181.0,271600000.0,8.085455524770028
2019,IA,all coal products,22159202.64,341800000.0,15.424742737945376
2019,IA,nuclear,5235716.0,37500000.0,7.162344176040106
2019,ID,all coal products,21008.469999999998,0.0,0.0
2019,ID,natural gas,4266684.3,128500000.0,30.11706303182544
2019,IL,nuclear,98735488.0,691800000.0,7.006599288798776
2019,KS,petroleum,78140.34,15100000.0,193.2420565357151
2019,KY,petroleum,50359.15,14300000.0,283.9603130712095
2019,LA,all coal products,7418814.16,272200000.0,36.69049987363479
2019,LA,natural gas,69522954.01,952300000.0,13.69763430741196
2019,LA,nuclear,13981335.0,93800000.0,6.708944460596932
2019,MA,natural gas,15406573.06,507400000.0,32.93399499187524
2019,MA,nuclear,2177204.0,15600000.0,7.165153104624096
2019,MD,natural gas,14605261.360000001,312900000.0,21.423786421032588
2019,MD,petroleum,67268.53,14600000.0,217.0405685987192
2019,MI,nuclear,32909275.0,200000000.0,6.077314070273502
2019,MI,petroleum,915188.45,29300000.0,32.01526417865086
2019,MN,all coal products,17804537.86,376200000.0,21.129444805482866
2019,MO,all coal products,55686285.279999994,942600000.0,16.926968557167154
2019,MO,natural gas,7674804.32,172500000.0,22.476143079045954
2019,MO,nuclear,9189863.0,79300000.0,8.629073142874926
2019,MO,petroleum,97144.51,17700000.0,182.20278222619066
2019,MS,all coal products,4414339.9399999995,148500000.0,33.64036345601422
2019,MS,natural gas,48780504.75,1016500000.0,20.83824276131542
2019,MS,petroleum,13703.24,2000000.0,145.9508846083116
2019,MT,all coal products,14100661.66,303400000.0,21.51672079762532
2019,MT,natural gas,507212.82,9000000.0,17.744030996692867
2019,NC,all coal products,30672101.13,859700000.0,28.028728659841896
2019,ND,petroleum,33586.54,5700000.0,169.71084249821504
2019,NE,natural gas,1276855.56,38000000.0,29.760609727853634
2019,NE,nuclear,6951600.0,49800000.0,7.163818401519075
2019,NH,all coal products,343015.44,14000000.0,40.81448928363108
2019,NH,natural gas,3582516.35,197400000.0,55.10093484988561
2019,NH,petroleum,30089.94,2700000.0,89.73098650246561
2019,NJ,all coal products,1041528.4999999999,42400000.0,40.70939969477552
2019,NJ,natural gas,40449133.14,845000000.0,20.89043532961112
2019,NJ,nuclear,26637324.0,183900000.0,6.903846647658751
2019,NJ,petroleum,142423.28,6000000.0,42.12794425181052
2019,NM,all coal products,14691665.049999999,373400000.0,25.415771373034403
2019,NM,natural gas,11803191.83,134500000.0,11.395222744592129
2019,NM,petroleum,183601.22,76900000.0,418.84253274569744
2019,NY,natural gas,47612133.5,1154600000.0,24.250121032698523
2019,NY,nuclear,44865018.0,313100000.0,6.978711119652287
2019,OH,petroleum,844493.7999999999,41900000.0,49.615521155987174
2019,OR,all coal products,2569159.53,59600000.0,23.198248027828775
2019,OR,natural gas,20932334.15,334300000.0,15.970507522210562
2019,OR,petroleum,6623.280000000001,1000000.0,150.9825947264799
2019,PA,petroleum,185320.73,31100000.0,167.81716756673686
2019,RI,natural gas,7141025.510000001,170600000.0,23.89012611159262
2019,RI,petroleum,11033.13,1300000.0,117.82694484701985
2019,SC,all coal products,14861495.290000001,501100000.0,33.71800685070903
2019,SD,petroleum,13637.77,2700000.0,197.97958170580674
2019,TN,natural gas,16955153.099999998,338400000.0,19.958534022320332
2019,TN,petroleum,139600.37,22200000.0,159.02536648004588
2019,VA,nuclear,29497516.0,181800000.0,6.163230829334918
2019,WA,all coal products,7170101.62,180200000.0,25.132140316862063
2019,WA,natural gas,15728673.34,382200000.0,24.299570074229795
2019,WA,nuclear,8866499.0,63500000.0,7.161789563163544
2019,WI,petroleum,142827.59999999998,11600000.0,81.21679563333699
2019,WV,natural gas,2243353.6399999997,38500000.0,17.161806018243297
2019,WY,all coal products,35375828.18,617400000.0,17.45259494303661
2019,WY,petroleum,43729.68,6800000.0,155.500794883475
2020,AK,all coal products,721788.9400000001,39400000.0,54.58659424734327
2020,AK,petroleum,985801.96,68000000.0,68.97937188114335
2020,AL,natural gas,55224998.65,1005100000.0,18.200090983614718
2020,AL,nuclear,43550647.0,306000000.0,7.026302043227968
2020,AR,petroleum,44171.49,5200000.0,117.72299281731271
2020,AZ,all coal products,13747253.049999999,322000000.0,23.422861194804298
2020,CA,natural gas,92046685.08,2070600000.0,22.495106675491805
2020,CA,nuclear,16258698.0,110500000.0,6.796362168729624
2020,CA,petroleum,43915.340000000004,4900000.0,111.57832320095892
2020,CO,natural gas,18171337.759999998,436500000.0,24.021346461395588
2020,CO,petroleum,-188632.27000000002,1300000.0,
2020,CT,all coal products,-19081.63,200000.0,
2020,CT,natural gas,23536812.880000003,391500000.0,16.633517970169628
2020,CT,nuclear,15714855.0,101800000.0,6.477947139824071
2020,CT,petroleum,32586.9,4900000.0,150.36717208448792
2020,DC,natural gas,133536.07,0.0,0.0
2020,DC,petroleum,20.52,0.0,0.0
2020,DE,all coal products,102274.17,4700000.0,45.95490728499679
2020,DE,natural gas,4818093.8100000005,52000000.0,10.792649967103898
2020,DE,petroleum,8061.400000000001,1400000.0,173.66710496936014
2020,FL,all coal products,16597728.169999998,436300000.0,26.286730059153633
2020,FL,natural gas,189420462.37,4447900000.0,23.481623602585234
2020,FL,nuclear,29419352.0,167000000.0,5.676535635455193
2020,FL,petroleum,1702036.81,55300000.0,32.49048415116239
2020,GA,all coal products,13913934.520000001,393800000.0,28.30256240130703
2020,GA,petroleum,206521.43000000002,6500000.0,31.473731321732565
2020,HI,petroleum,6149205.340000001,581000000.0,94.4837532454234
2020,IA,all coal products,14146834.52,215500000.0,15.233089755544833
2020,IA,petroleum,111110.59,7300000.0,65.70030813444515
2020,ID,natural gas,4157098.4200000004,81700000.0,19.653131041338202
2020,IL,all coal products,31237857.45,502600000.0,16.089451743112427
2020,IL,natural gas,24516137.74,547000000.0,22.31183418045195
2020,IL,nuclear,100246068.0,666800000.0,6.651632461035779
2020,IL,petroleum,30312.27,4700000.0,155.0527228742684
2020,IN,all coal products,47772884.93,1092400000.0,22.866527771991517
2020,IN,petroleum,113473.43,13500000.0,118.9705819238918
2020,KS,petroleum,74856.56,10600000.0,141.60415600182537
2020,KY,all coal products,43638313.23,865800000.0,19.84036356851642
2020,KY,natural gas,14384495.3,307300000.0,21.363279947680887
2020,KY,petroleum,57216.89,10800000.0,188.75545315378028
2020,LA,all coal products,3918424.13,217300000.0,55.4559671926071
2020,LA,nuclear,16949587.0,98100000.0,5.787751642562146
2020,MA,natural gas,14177406.02,349800000.0,24.673060749373953
2020,MD,nuclear,15080557.0,97700000.0,6.478540547275542
2020,MD,petroleum,70378.95,11700000.0,166.2428893866703
2020,ME,all coal products,55480.17,4099999.9999999995,73.90027824355981
2020,ME,petroleum,36913.58,4500000.0,121.90635533047728
2020,MI,all coal products,27961029.37,614100000.0,21.96271073835648
2020,MI,petroleum,933671.7200000001,22600000.0,24.20550983379897
2020,MN,natural gas,11814994.3,240300000.0,20.338562499348814
2020,MN,nuclear,14677288.0,123500000.0,8.414361018193551
2020,MO,nuclear,7742120.0,68100000.0,8.796040361038061
2020,MS,all coal products,4593524.54,136200000.0,29.650434827109905
2020,MS,natural gas,53661602.78,918600000.0,17.118385445288407
2020,MS,nuclear,6470934.0,25600000.0,3.9561522339742607
2020,MT,all coal products,8490284.030000001,216400000.0,25.487957674367692
2020,MT,natural gas,290795.68,6200000.0,21.320811918526438
2020,MT,petroleum,457210.54,13500000.0,29.52687836111565
2020,NC,all coal products,20793288.77,542800000.0,26.104576625855227
2020,NC,natural gas,41401321.089999996,1016300000.0,24.547525857706876
2020,NC,nuclear,42328762.0,263500000.0,6.225081659605353
2020,ND,all coal products,24496807.110000003,445300000.0,18.177879182394392
2020,ND,petroleum,30701.789999999997,3800000.0,123.77128499673799
2020,NE,all coal products,18788647.47,245800000.0,13.082367977390126
2020,NE,nuclear,6188551.0,41900000.0,6.770567132758541
2020,NE,petroleum,14033.75,2700000.0,192.3933374899795
2020,NH,natural gas,3638012.03,85100000.0,23.391896260442
2020,NJ,all coal products,916718.16,34200000.0,37.30699520559296
2020,NJ,natural gas,30630982.31,418400000.0,13.659372584450427
2020,NJ,nuclear,26738258.0,176300000.0,6.59354846527399
2020,NJ,petroleum,66592.20000000001,1900000.0,28.531870098900466
2020,NM,all coal products,12788184.25,349300000.0,27.314276457973303
2020,NM,natural gas,12001907.69,164700000.0,13.72281842637635
2020,NM,petroleum,32516.67,5100000.0,156.8426287193615
2020,NV,all coal products,1953201.22,51200000.0,26.213377032398128
2020,NV,natural gas,26801321.26,558800000.0,20.849718361981978
2020,NV,petroleum,6264.78,1100000.0,175.58477711906883
2020,NY,natural gas,52965593.45999999,927200000.0,17.505703975548357
2020,OH,nuclear,18219025.0,121200000.0,6.652386722121519
2020,OH,petroleum,1174404.53,33100000.0,28.18449618888987
2020,OK,natural gas,43758890.769999996,805800000.0,18.414543554939385
2020,OK,petroleum,26452.43,2500000.0,94.50927570737358
2020,OR,all coal products,1630144.77,37000000.0,22.697370614512966
2020,OR,natural gas,19019913.36,276900000.0,14.558425938066419
2020,OR,petroleum,2338.99,300000.0,128.2604885014472
2020,PA,all coal products,23458270.98,442000000.0,18.841968377671115
2020,PA,natural gas,120766859.96000001,1401100000.0,11.601692719874208
2020,PA,nuclear,76521394.0,513299999.99999994,6.707927981552452
2020,SC,all coal products,12459093.19,419000000.0,33.630055864442895
2020,SC,natural gas,24227929.82,510300000.0,21.06246814281056
2020,SC,nuclear,54751088.0,350500000.0,6.401699268514993
2020,SC,petroleum,64149.469999999994,7600000.0,118.47330928844775
2020,SD,all coal products,1648222.0999999999,34500000.0,20.931645073804074
2020,SD,natural gas,1102465.86,23000000.0,20.862324026977124
2020,SD,petroleum,7393.53,900000.0,121.72805141792892
2020,TX,all coal products,78825274.59,1766300000.0,22.407787466484486
2020,TX,nuclear,41438705.0,268600000.0,6.481862789872415
2020,UT,all coal products,22806020.919999998,483300000.0,21.19177219451573
2020,UT,natural gas,9460150.07,176800000.0,18.68892128473391
2020,UT,petroleum,39555.03,5200000.0,131.46242083497344
2020,VA,all coal products,3762795.0700000003,98800000.0,26.257077029709194
2020,VA,natural gas,62623070.160000004,1119600000.0,17.878395248579423
2020,VA,nuclear,30140054.0,178700000.0,5.928987386684842
2020,VT,natural gas,2020.87,0.0,0.0
2020,VT,petroleum,1757.15,300000.0,170.73101328856387
2020,WI,all coal products,23761097.13,463300000.0,19.498257907251777
2020,WI,nuclear,9771333.0,63300000.0,6.478133536130638
2020,WI,petroleum,105258.81,5200000.0,49.40204055128497
2020,WV,petroleum,142407.5,18000000.0,126.3978371925636
2020,WY,all coal products,33359103.57,618400000.0,18.537668396944877
2021,AK,natural gas,3085396.02,159400000.0,51.66273598810178
2021,AL,natural gas,54447874.989999995,1720800000.0,31.604539209584313
2021,AR,natural gas,20629133.54,1072900000.0000001,52.008970610405974
2021,AR,nuclear,13555684.0,75200000.0,5.547488418880228
2021,AR,petroleum,55531.97,8600000.0,154.86574670410576
2021,AZ,all coal products,14300572.41,355300000.0,24.84515932743702
2021,AZ,natural gas,48053132.67,1764500000.0,36.71977042823668
2021,AZ,nuclear,31629862.0,215600000.0,6.816343365646047
2021,CA,all coal products,294153.81,0.0,0.0
2021,CO,all coal products,23602041.63,398700000.0,16.892606421523375
2021,CO,natural gas,14559773.11,943300000.0,64.78809751177504
2021,CO,petroleum,27809.170000000002,7000000.0,251.7155312438307
2021,CT,all coal products,244647.13,11500000.0,47.00647826933429
2021,CT,nuclear,17216509.0,131100000.0,7.614784158623563
2021,CT,petroleum,45949.54,9400000.0,204.57223293203805
2021,DE,all coal products,276729.37,11000000.0,39.75002725587096
2021,DE,natural gas,3734202.89,86200000.0,23.08390908025889
2021,FL,nuclear,29514894.0,168100000.0,5.695429568542581
2021,GA,natural gas,56673115.01,1762600000.0,31.10116674703673
2021,GA,petroleum,179030.62,15000000.0,83.78455037467893
2021,HI,petroleum,6155207.42,852400000.0,138.48436646185354
2021,IA,all coal products,22106594.2,360000000.0,16.284733719859933
2021,IA,natural gas,6463643.91,188100000.0,29.101231846789652
2021,ID,natural gas,4935454.48,160700000.0,32.5603246167514
2021,IL,natural gas,20664598.02,738000000.0,35.71325216613142
2021,IL,nuclear,96994458.0,667500000.0,6.881836485956755
2021,IL,petroleum,53970.06,11300000.0,209.37534625679498
2021,IN,petroleum,127812.22,24400000.0,190.90506369422266
2021,KY,all coal products,49862728.93,1000800000.0,20.071103637447866
2021,KY,natural gas,14571979.639999999,468000000.0,32.1164324657264
2021,KY,petroleum,66089.94,14300000.0,216.37181089890532
2021,LA,all coal products,7872951.4,468500000.0,59.50754376560739
2021,LA,nuclear,17248674.0,96300000.0,5.583037861345168
2021,MD,all coal products,5173978.96,144100000.0,27.850905678982507
2021,MD,natural gas,13977171.05,445900000.0,31.902020688227893
2021,MD,nuclear,14993633.0,114100000.0,7.6098968142010674
2021,MD,petroleum,72668.98000000001,17800000.0,244.94633060764025
2021,ME,all coal products,49996.24,6300000.0,126.00947591258863
2021,ME,petroleum,31605.18,8300000.000000001,262.6151789042176
2021,MI,all coal products,37053902.87,804100000.0,21.70081793599736
2021,MI,nuclear,34338319.0,199200000.0,5.8010993490974325
2021,MI,petroleum,1149521.81,39200000.0,34.101136367303894
2021,MN,all coal products,15764274.57,353000000.0,22.392403686736852
2021,MN,petroleum,105130.68,18700000.0,177.87386136948797
2021,MO,petroleum,258694.1,43300000.0,167.3791555354374
2021,MS,all coal products,5530687.64,159300000.0,28.802928382337644
2021,MS,petroleum,8246.55,1100000.0,133.38911423565008
2021,MT,all coal products,10876453.98,273700000.0,25.164451622126936
2021,MT,natural gas,528304.89,19600000.0,37.09978910094888
2021,MT,petroleum,450731.17000000004,27900000.0,61.89942443962772
2021,NC,all coal products,20404638.29,564900000.0,27.684881837716713
2021,NC,petroleum,194741.80000000002,32700000.000000004,167.91464390284983
2021,ND,all coal products,24402790.830000002,445000000.0,18.235619159302527
2021,ND,petroleum,33094.92,6300000.0,190.36154189223
2021,NE,nuclear,6880622.0,43900000.0,6.380237135538037
2021,NE,petroleum,55130.409999999996,13100000.0,237.61840334581225
2021,NH,all coal products,284163.45,13000000.0,45.7483184413759
2021,NJ,natural gas,29542815.14,829300000.0,28.0711230825513
2021,NJ,nuclear,28142099.0,203100000.0,7.2169456869581765
2021,NJ,petroleum,36983.51,3400000.0,91.93286413323126
2021,NM,all coal products,12536319.040000001,344700000.0,27.496109416181543
2021,NY,nuclear,31176583.0,208300000.0,6.68129666423033
2021,NY,petroleum,687762.29,87100000.0,126.64259332973896
2021,OH,all coal products,45662047.97,782100000.0,17.128009687910634
2021,OH,natural gas,56380782.18,1516100000.0,26.890368337915813
2021,OH,nuclear,17483009.0,121100000.0,6.926725256504758
2021,OK,natural gas,33857237.54,3385200000.0,99.98453051583488
2021,PA,all coal products,29297308.47,923500000.0,31.521666945810058
2021,PA,natural gas,126664877.88,2923200000.0,23.07822064747409
2021,PA,nuclear,75902514.0,502100000.0,6.6150641597984485
2021,PA,petroleum,124095.9,21200000.0,170.83561987140592
2021,RI,petroleum,12562.5,1600000.0,127.363184079602
2021,SC,nuclear,53771428.0,564100000.0,10.49070149299364
2021,SC,petroleum,86174.59999999999,13800000.0,160.13999484766975
2021,SD,petroleum,38192.49,7900000.0,206.84694818274482
2021,TN,all coal products,18259796.37,377600000.0,20.679310565608457
2021,TN,nuclear,35330407.0,269000000.0,7.613838130990112
2021,TX,all coal products,88818139.48,2081800000.0000002,23.438905748175216
2021,TX,natural gas,233120824.82999998,14914800000.0,63.97884020390029
2021,UT,all coal products,26375564.81,533299999.99999994,20.219472221417803
2021,VA,all coal products,3248473.35,75900000.0,23.364821509155984
2021,VA,natural gas,53611273.62,1573400000.0,29.348304820220388
2021,VA,nuclear,28571516.0,166500000.0,5.8274821679045665
2021,VA,petroleum,340785.21,41700000.0,122.36446528885452
2021,VT,natural gas,2053.5299999999997,0.0,0.0
2021,VT,petroleum,2885.37,600000.0,207.94560143066573
2021,WA,nuclear,8511288.0,54300000.0,6.379762968894955
2021,WA,petroleum,32024.1,2100000.0,65.57561336618359
2021,WI,all coal products,27441586.72,567900000.0,20.694867457722577
2021,WY,all coal products,32038128.28,593400000.0,18.52168125472029
2021,WY,natural gas,1500700.7000000002,48800000.0,32.51814302478835
2021,WY,petroleum,60331.73,11300000.0,187.29779504085164
2022,AL,all coal products,25943990.13,743900000.0,28.67330723888153
2022,AL,petroleum,40917.090000000004,11000000.0,268.83632242664373
2022,AR,all coal products,20360869.419999998,486800000.0,23.90860576522474
2022,AZ,natural gas,45053244.82,2939200000.0,65.23836433408749
2022,AZ,nuclear,31942793.0,220300000.0,6.896704367711364
2022,CA,all coal products,251564.9,0.0,0.0
2022,CO,natural gas,15445526.73,955500000.0,61.86257139059705
2022,CO,petroleum,27205.739999999998,10000000.0,367.5694908500927
2022,CT,natural gas,24530686.81,1509700000.0,61.543323743571946
2022,CT,nuclear,16464167.000000002,101100000.0,6.140608267639656
2022,CT,petroleum,314368.81,79800000.0,253.84197624439906
2022,DC,natural gas,80272.08,0.0,0.0
2022,DE,all coal products,104749.78,5800000.0,55.37004469126332
2022,DE,natural gas,4749644.779999999,215000000.0,45.266543069774585
2022,FL,all coal products,15531572.389999999,608200000.0,39.15894570929531
2022,FL,nuclear,30768329.0,155600000.0,5.057148212371234
2022,FL,petroleum,1319164.8499999999,198000000.0,150.0949634914848
2022,GA,all coal products,16778383.03,676300000.0,40.30781743334655
2022,HI,all coal products,647757.91,29500000.0,45.54170554243019
2022,IA,all coal products,18172126.14,332300000.0,18.28624770926227
2022,ID,all coal products,6266.99,0.0,0.0
2022,IL,natural gas,19789290.49,1025300000.0,51.81085196147424
2022,IL,nuclear,98869581.0,641000000.0,6.483288323028293
2022,KS,nuclear,8981959.0,59300000.0,6.602123211651267
2022,KY,all coal products,47053326.64,1194100000.0,25.37758932829409
2022,LA,all coal products,8172862.84,244200000.0,29.879370886395545
2022,LA,nuclear,16164721.0,92500000.0,5.7223381708846075
2022,LA,petroleum,3106633.8000000003,185700000.0,59.775310498456555
2022,MA,natural gas,15775966.67,1397900000.0,88.60946712433692
2022,MA,petroleum,756061.8899999999,137800000.0,182.26021152845044
2022,MD,all coal products,4639314.05,163700000.0,35.285388795785444
2022,MD,natural gas,13949641.620000001,833700000.0,59.76497624173373
2022,MD,nuclear,14810684.0,90900000.0,6.137461308336603
2022,MD,petroleum,142864.3,48400000.0,338.7830269703488
2022,ME,all coal products,42442.270000000004,5800000.0,136.65621560769486
2022,ME,petroleum,274269.39,68600000.0,250.11905265841003
2022,MI,natural gas,41183784.019999996,2203400000.0,53.50164032838671
2022,MN,petroleum,-61476.89,14500000.0,
2022,MO,nuclear,8874769.49,64599999.99999999,7.279062298214124
2022,MS,all coal products,5651367.28,253400000.0,44.83870671382023
2022,MS,natural gas,51719171.21,2497500000.0,48.289636929006
2022,MS,nuclear,8600330.0,55800000.0,6.488123130158959
2022,MT,all coal products,11651072.51,269500000.0,23.130917756171446
2022,MT,natural gas,728757.84,33400000.0,45.83141088403248
2022,MT,petroleum,464878.67,41400000.0,89.05549484556906
2022,NC,all coal products,14673743.409999998,539900000.0,36.79361052695415
2022,NC,natural gas,58131396.45,3494400000.0,60.11209455471459
2022,NC,nuclear,42644282.0,249500000.0,5.850725778429099
2022,NC,petroleum,277751.99,74200000.0,267.1448006547136
2022,ND,all coal products,24831185.270000003,474100000.0,19.09292669056711
2022,ND,natural gas,1453358.58,44800000.0,30.82515259241804
2022,NE,all coal products,19945269.48,266200000.0,13.346523107493256
2022,NE,natural gas,1260181.8499999999,112300000.0,89.11412269586332
2022,NE,nuclear,5618504.0,37700000.0,6.7099711951793575
2022,NE,petroleum,35108.91,11100000.0,316.1590604778103
2022,NH,natural gas,4501922.760000001,291200000.0,64.6834731567007
2022,NH,nuclear,10921528.0,67099999.99999999,6.143828958731781
2022,NH,petroleum,445351.74,79600000.0,178.73512742983783
2022,NJ,natural gas,33394323.340000004,1813600000.0,54.30863148610813
2022,NJ,nuclear,28318800.0,179200000.0,6.327951749367911
2022,NM,all coal products,13291996.38,399800000.0,30.07825074355008
2022,NM,petroleum,18924.66,6800000.0,359.3195333496084
2022,NV,petroleum,9105.75,3000000.0,329.4621530351701
2022,NY,nuclear,26812164.0,177100000.0,6.605210978121721
2022,OH,all coal products,42992712.489999995,1258200000.0,29.265424932019688
2022,OH,natural gas,68864969.11,3075400000.0,44.658409634767644
2022,OH,petroleum,1272604.95,141800000.0,111.42499485013005
2022,OK,all coal products,8954031.360000001,265100000.00000003,29.60677591372653
2022,OK,natural gas,36022920.97,2230900000.0,61.930014000194504
2022,OK,petroleum,28579.6,7600000.0,265.9239457515151
2022,OR,natural gas,19054760.259999998,797200000.0,41.83731461966975
2022,OR,petroleum,1667.8999999999999,300000.0,179.86689849511362
2022,PA,nuclear,76166017.0,503000000.0,6.603995059896594
2022,PA,petroleum,312667.3,83500000.0,267.0570283493029
2022,RI,natural gas,6963772.76,434200000.0,62.3512591470604
2022,RI,petroleum,60050.780000000006,12000000.0,199.8308764682157
2022,SC,all coal products,14243461.92,525500000.0,36.89412047095921
2022,SC,nuclear,54369751.0,325200000.0,5.981267046818
2022,SD,all coal products,1874802.17,42700000.0,22.775736386095605
2022,SD,natural gas,1424338.2999999998,57300000.0,40.22920678324806
2022,TN,all coal products,15885539.77,618300000.0,38.922190177488694
2022,TN,natural gas,16520812.379999999,722100000.0,43.708504363512425
2022,TN,nuclear,35635400.0,218800000.0,6.139961947950633
2022,TN,petroleum,146613.61,56900000.0,388.0949387986559
2022,TX,all coal products,85336952.78999999,2128500000.0,24.942301434618642
2022,TX,natural gas,256140179.82,11969300000.0,46.72949011127933
2022,TX,petroleum,373505.56,82400000.0,220.61251243488852
2022,UT,natural gas,11107086.91,685400000.0,61.70834941274444
2022,UT,petroleum,31039.239999999998,9200000.0,296.39900976956915
2022,VA,all coal products,3346073.0100000002,110800000.0,33.11344363044846
2022,VA,natural gas,48801987.02,2601800000.0,53.31340297545122
2022,VA,nuclear,28197337.0,168700000.0,5.982834478305522
2022,VA,petroleum,651866.99,126400000.0,193.90458780555832
2022,VT,natural gas,1498.74,100000.0,66.72271374621349
2022,VT,petroleum,5265.06,1400000.0,265.90390232969804
2022,WA,all coal products,3565971.83,130000000.0,36.4557002123037
2022,WA,natural gas,14532321.889999999,700300000.0,48.18913352599844
2022,WA,petroleum,43723.0,6300000.0,144.0889234499005
2022,WI,all coal products,21922948.07,542900000.0,24.764005199780595
2022,WI,natural gas,23276428.45,1047800000.0,45.01549721215928
2022,WI,petroleum,175115.27000000002,18000000.0,102.78943692346189
2022,WY,all coal products,33517895.799999997,594000000.0,17.72187620441257
2022,WY,natural gas,1661254.45,86200000.0,51.88849907971654
2022,WY,petroleum,53030.270000000004,14200000.0,267.77159535487937
2023,AK,all coal products,730681.46,49400000.0,67.60812023340513
2023,AK,natural gas,3182407.1,224700000.0,70.60693146392238
2023,AK,petroleum,885275.48,132100000.0,149.21908827747043
2023,AL,nuclear,45579039.0,312300000.0,6.851833800181702
2023,AR,all coal products,16844436.45,387600000.0,23.01056501062106
2023,CA,natural gas,94390153.21000001,5455500000.0,57.797342354795816
2023,CA,nuclear,17718368.0,106300000.0,5.999423874704488
2023,CA,petroleum,75041.07999999999,8400000.0,111.9386874495943
2023,CO,all coal products,18787616.7,426300000.0,22.6904778188284
2023,CO,natural gas,17219759.81,549600000.0,31.916821492529287
2023,CO,petroleum,47935.42999999999,77500000.0,1616.7582099503438
2023,CT,petroleum,124203.81,26500000.0,213.35899438189537
2023,DC,natural gas,89209.79,0.0,0.0
2023,DC,petroleum,53.580000000000005,0.0,0.0
2023,DE,natural gas,4382640.05,57900000.0,13.211215007264856
2023,DE,petroleum,-1890.86,4300000.0,
2023,FL,all coal products,11691452.38,428600000.0,36.659260634990495
2023,FL,petroleum,1202440.55,106500000.0,88.5698673418823
2023,ID,natural gas,5686224.430000001,307300000.0,54.04288975628772
2023,ID,petroleum,123.39,0.0,0.0
2023,IL,petroleum,26287.54,8700000.0,330.95527386739116
2023,IN,all coal products,40931630.160000004,1387600000.0,33.90043334643479
2023,IN,natural gas,34849282.17,807300000.0,23.16546998190293
2023,IN,petroleum,96718.15,25000000.0,258.48302516125466
2023,KS,all coal products,16290683.629999999,308700000.0,18.949481004683904
2023,KS,nuclear,10301865.0,66500000.0,6.455141860235987
2023,KY,all coal products,43447448.88,1159200000.0,26.680507829163016
2023,LA,nuclear,12211457.0,73400000.0,6.0107487583177015
2023,MA,natural gas,14774025.29,813300000.0,55.04931689473235
2023,MA,petroleum,97476.43,20200000.0,207.22958360292844
2023,MD,nuclear,14983751.0,92200000.0,6.153332366508226
2023,ME,all coal products,43205.060000000005,7000000.0,162.01805992168508
2023,ME,petroleum,67153.73,17100000.0,254.63961569967896
2023,MI,nuclear,27996108.0,158700000.0,5.668645084523892
2023,MO,nuclear,9179744.0,67500000.0,7.353146231528896
2023,MS,natural gas,55167572.31,1140400000.0,20.671563968626625
2023,MS,nuclear,11749621.0,79800000.0,6.791708430425118
2023,NC,all coal products,14204646.71,693200000.0,48.80093212821623
2023,NC,natural gas,51788030.63,2209500000.0,42.664298547782025
2023,NC,nuclear,42335726.0,244600000.0,5.777626206292057
2023,ND,all coal products,22525075.52,476700000.0,21.163081099405787
2023,ND,natural gas,2833418.03,104200000.0,36.77537126422535
2023,NE,all coal products,17916482.0,244900000.0,13.66897809514167
2023,NE,nuclear,6926053.0,47400000.0,6.843724701500263
2023,NH,nuclear,9534781.0,58600000.0,6.145919869580644
2023,NM,all coal products,7371813.32,263600000.00000003,35.75782355812559
2023,NV,all coal products,2059635.5699999998,128199999.99999999,62.24402115952969
2023,NV,natural gas,24599326.48,1347300000.0,54.76979221749814
2023,NY,nuclear,27524923.0,185200000.0,6.7284475237224095
2023,NY,petroleum,413015.17,68800000.0,166.57983773332103
2023,OH,natural gas,78704776.66,1262200000.0,16.037146073771734
2023,OK,natural gas,45212914.989999995,1096600000.0,24.25413181703815
2023,OK,petroleum,19727.440000000002,4800000.0,243.3159092107237
2023,OR,natural gas,23384819.61,881300000.0,37.686841921292036
2023,OR,petroleum,195.02,0.0,0.0
2023,PA,all coal products,12834827.93,352100000.0,27.433168712531387
2023,PA,natural gas,139256047.31,2032100000.0,14.5925440169669
2023,RI,natural gas,9553676.090000002,267200000.0,27.968291732193315
2023,SC,all coal products,15150420.879999999,573300000.0,37.84053291594101
2023,SC,natural gas,23691443.9,746200000.0,31.496602872735842
2023,SC,nuclear,55622340.0,321500000.0,5.780051684269306
2023,SD,all coal products,1562742.07,40500000.0,25.915984971211532
2023,SD,natural gas,2115780.26,50300000.0,23.7737353689083
2023,TN,all coal products,15792908.69,613900000.0,38.87187674229503
2023,TN,natural gas,15029973.760000002,291300000.0,19.381271361580872
2023,TN,nuclear,37937437.0,233300000.0,6.149598350568596
2023,TN,petroleum,102044.07999999999,28500000.0,279.29106715450814
2023,TX,nuclear,40679870.0,250200000.0,6.150462132745262
2023,UT,natural gas,11834246.62,729200000.0,61.617779603109206
2023,UT,petroleum,29284.54,7900000.0,269.7669145562812
2023,VA,all coal products,1415026.92,78400000.0,55.405306352758295
2023,VA,natural gas,50604693.760000005,1240600000.0,24.51551245194216
2023,VA,nuclear,29662935.0,182600000.0,6.155830500252251
2023,VA,petroleum,134545.48,25200000.0,187.2972618626802
2023,VT,natural gas,1263.7,0.0,0.0
2023,VT,petroleum,2610.64,700000.0,268.13348450954555
2023,WA,all coal products,4162607.29,182200000.0,43.77064356700341
2023,WA,nuclear,8435018.0,57700000.0,6.840530749311975
2023,WI,natural gas,25621193.98,730900000.0,28.527163900735587
2023,WV,natural gas,3679657.7,64599999.99999999,17.555980818541897
2023,WY,natural gas,2129478.19,103700000.0,48.6973759519932
